nen3610id,code,syntax_aantaldoorstroomopeningen,syntax_afslagpeil,syntax_afvoercoefficient,syntax_breedteopening,syntax_categorie,syntax_code,syntax_created_date,syntax_detailniveaugeometrie,syntax_drempelpeil,syntax_featuretype,syntax_filteruitstroming,syntax_functiegemaal,syntax_globalid,syntax_hyperlink,syntax_indicatiewaterkerend,syntax_kerendehoogte,syntax_last_edited_date,syntax_lvpublicatiedatum,syntax_maximalecapaciteit,syntax_metadataid,syntax_naam,syntax_namespace,syntax_nen3610id,syntax_objectid,syntax_ontwerpbuitenwaterstand,syntax_openingspeil,syntax_openkeerpeil,syntax_opmerking,syntax_richting,syntax_signaleringspeil,syntax_sluitpeil,syntax_statusleggerwatersysteem,syntax_statusleggerwaterveiligheid,syntax_statusobject,syntax_typewaterkerendeconstructie,syntax_waterkeringid,syntax_geometry,syntax_oordeel,general_000_pomp_aantal_pompen,general_001_pomp_capaciteit,validate_000_aantal_pompen_gt_0,validate_001_capaciteit_gt_0,validate_002_geen_overlap,rating,valid,invalid,invalid_critical,invalid_non_critical,ignored,summary,tags_assigned,tags_invalid,date_check
NL.WBHCODE.12.GEMAAL.KGM-N-2500,KGM-N-2500,,nan -> NULL (fouten: 1),nan -> NULL (fouten: 1),nan -> NULL (fouten: 1),,,NaT -> NULL (fouten: 1),<NA> -> NULL (fouten: 1),nan -> NULL (fouten: 1),,,onderbemaling -> NULL (fouten: 6),,,,nan -> NULL (fouten: 1),NaT -> NULL (fouten: 1),,,,,,,(fouten: 2),nan -> NULL (fouten: 1),nan -> NULL (fouten: 1),nan -> NULL (fouten: 1),,,nan -> NULL (fouten: 1),nan -> NULL (fouten: 1),,,,,,,False,0.0,0.0,False,False,True,1,2,0;1,0;1,,,aantal pompen = 0;capaciteit = 0,,,2025-06-06T08:52:12.186353
NL.WBHCODE.12.GEMAAL.KGM-Q-29349,KGM-Q-29349,,nan -> NULL (fouten: 1),nan -> NULL (fouten: 1),nan -> NULL (fouten: 1),,,NaT -> NULL (fouten: 1),<NA> -> NULL (fouten: 1),nan -> NULL (fouten: 1),,,onderbemaling -> NULL (fouten: 6),,,,nan -> NULL (fouten: 1),NaT -> NULL (fouten: 1),,,,,,,(fouten: 2),nan -> NULL (fouten: 1),nan -> NULL (fouten: 1),nan -> NULL (fouten: 1),,,nan -> NULL (fouten: 1),nan -> NULL (fouten: 1),,,,,,,False,0.0,0.0,False,False,True,1,2,0;1,0;1,,,aantal pompen = 0;capaciteit = 0,,,2025-06-06T08:52:12.186353
NL.WBHCODE.12.GEMAAL.KGM-JH-2005,KGM-JH-2005,,nan -> NULL (fouten: 1),nan -> NULL (fouten: 1),nan -> NULL (fouten: 1),,,NaT -> NULL (fouten: 1),<NA> -> NULL (fouten: 1),nan -> NULL (fouten: 1),,,onderbemaling -> NULL (fouten: 6),,,,nan -> NULL (fouten: 1),NaT -> NULL (fouten: 1),,,,,,,(fouten: 2),nan -> NULL (fouten: 1),nan -> NULL (fouten: 1),nan -> NULL (fouten: 1),,,nan -> NULL (fouten: 1),nan -> NULL (fouten: 1),,,,,,,False,0.0,0.0,False,False,True,1,2,0;1,0;1,,,aantal pompen = 0;capaciteit = 0,,,2025-06-06T08:52:12.186353
NL.WBHCODE.12.GEMAAL.KGM-JH-5083,KGM-JH-5083,,nan -> NULL (fouten: 1),nan -> NULL (fouten: 1),nan -> NULL (fouten: 1),,,NaT -> NULL (fouten: 1),<NA> -> NULL (fouten: 1),nan -> NULL (fouten: 1),,,onderbemaling -> NULL (fouten: 6),,,,nan -> NULL (fouten: 1),NaT -> NULL (fouten: 1),,,,,,,(fouten: 2),nan -> NULL (fouten: 1),nan -> NULL (fouten: 1),nan -> NULL (fouten: 1),,,nan -> NULL (fouten: 1),nan -> NULL (fouten: 1),,,,,,,False,0.0,0.0,False,False,True,1,2,0;1,0;1,,,aantal pompen = 0;capaciteit = 0,,,2025-06-06T08:52:12.186353
NL.WBHCODE.12.GEMAAL.KGM-Q-29347,KGM-Q-29347,,nan -> NULL (fouten: 1),nan -> NULL (fouten: 1),nan -> NULL (fouten: 1),,,NaT -> NULL (fouten: 1),<NA> -> NULL (fouten: 1),nan -> NULL (fouten: 1),,,onderbemaling -> NULL (fouten: 6),,,,nan -> NULL (fouten: 1),NaT -> NULL (fouten: 1),,,,,,,(fouten: 2),nan -> NULL (fouten: 1),nan -> NULL (fouten: 1),nan -> NULL (fouten: 1),,,nan -> NULL (fouten: 1),nan -> NULL (fouten: 1),,,,,,,False,0.0,0.0,False,False,True,1,2,0;1,0;1,,,aantal pompen = 0;capaciteit = 0,,,2025-06-06T08:52:12.186353
NL.WBHCODE.12.GEMAAL.KGM-E-436,KGM-E-436,,nan -> NULL (fouten: 1),nan -> NULL (fouten: 1),nan -> NULL (fouten: 1),,,NaT -> NULL (fouten: 1),<NA> -> NULL (fouten: 1),nan -> NULL (fouten: 1),,,onderbemaling -> NULL (fouten: 6),,,,nan -> NULL (fouten: 1),NaT -> NULL (fouten: 1),,,,,,,(fouten: 2),nan -> NULL (fouten: 1),nan -> NULL (fouten: 1),nan -> NULL (fouten: 1),,,nan -> NULL (fouten: 1),nan -> NULL (fouten: 1),,,,,,,False,0.0,0.0,False,False,True,1,2,0;1,0;1,,,aantal pompen = 0;capaciteit = 0,,,2025-06-06T08:52:12.186353
NL.WBHCODE.12.GEMAAL.KGM-E-434,KGM-E-434,,nan -> NULL (fouten: 1),nan -> NULL (fouten: 1),nan -> NULL (fouten: 1),,,NaT -> NULL (fouten: 1),<NA> -> NULL (fouten: 1),nan -> NULL (fouten: 1),,,,,,,nan -> NULL (fouten: 1),NaT -> NULL (fouten: 1),,,,,,,(fouten: 2),nan -> NULL (fouten: 1),nan -> NULL (fouten: 1),nan -> NULL (fouten: 1),,,nan -> NULL (fouten: 1),nan -> NULL (fouten: 1),,,,,,,False,0.0,0.0,False,False,True,1,2,0;1,0;1,,,aantal pompen = 0;capaciteit = 0,,,2025-06-06T08:52:12.186353
NL.WBHCODE.12.GEMAAL.KGM-Q-29317,KGM-Q-29317,,nan -> NULL (fouten: 1),nan -> NULL (fouten: 1),nan -> NULL (fouten: 1),,,NaT -> NULL (fouten: 1),<NA> -> NULL (fouten: 1),nan -> NULL (fouten: 1),,,onderbemaling -> NULL (fouten: 6),,,nee -> NULL (fouten: 6),nan -> NULL (fouten: 1),NaT -> NULL (fouten: 1),,,,,,,(fouten: 2),nan -> NULL (fouten: 1),nan -> NULL (fouten: 1),nan -> NULL (fouten: 1),,,nan -> NULL (fouten: 1),nan -> NULL (fouten: 1),,,,,,,False,0.0,0.0,False,False,True,1,2,0;1,0;1,,,aantal pompen = 0;capaciteit = 0,,,2025-06-06T08:52:12.186353
NL.WBHCODE.12.GEMAAL.KGM-Q-29313,KGM-Q-29313,,nan -> NULL (fouten: 1),nan -> NULL (fouten: 1),nan -> NULL (fouten: 1),,,NaT -> NULL (fouten: 1),<NA> -> NULL (fouten: 1),nan -> NULL (fouten: 1),,,onderbemaling -> NULL (fouten: 6),,,,nan -> NULL (fouten: 1),NaT -> NULL (fouten: 1),,,,,,,(fouten: 2),nan -> NULL (fouten: 1),nan -> NULL (fouten: 1),nan -> NULL (fouten: 1),,,nan -> NULL (fouten: 1),nan -> NULL (fouten: 1),,,,,,,False,0.0,0.0,False,False,True,1,2,0;1,0;1,,,aantal pompen = 0;capaciteit = 0,,,2025-06-06T08:52:12.186353
NL.WBHCODE.12.GEMAAL.KGM-Q-29312,KGM-Q-29312,,nan -> NULL (fouten: 1),nan -> NULL (fouten: 1),nan -> NULL (fouten: 1),,,NaT -> NULL (fouten: 1),<NA> -> NULL (fouten: 1),nan -> NULL (fouten: 1),,,onderbemaling -> NULL (fouten: 6),,,,nan -> NULL (fouten: 1),NaT -> NULL (fouten: 1),,,,,,,(fouten: 2),nan -> NULL (fouten: 1),nan -> NULL (fouten: 1),nan -> NULL (fouten: 1),,,nan -> NULL (fouten: 1),nan -> NULL (fouten: 1),,,,,,,False,0.0,0.0,False,False,True,1,2,0;1,0;1,,,aantal pompen = 0;capaciteit = 0,,,2025-06-06T08:52:12.186353
NL.WBHCODE.12.GEMAAL.KGM-Q-29307,KGM-Q-29307,,nan -> NULL (fouten: 1),nan -> NULL (fouten: 1),nan -> NULL (fouten: 1),,,NaT -> NULL (fouten: 1),<NA> -> NULL (fouten: 1),nan -> NULL (fouten: 1),,,onderbemaling -> NULL (fouten: 6),,,,nan -> NULL (fouten: 1),NaT -> NULL (fouten: 1),,,,,,,(fouten: 2),nan -> NULL (fouten: 1),nan -> NULL (fouten: 1),nan -> NULL (fouten: 1),,,nan -> NULL (fouten: 1),nan -> NULL (fouten: 1),,,,,,,False,0.0,0.0,False,False,True,1,2,0;1,0;1,,,aantal pompen = 0;capaciteit = 0,,,2025-06-06T08:52:12.186353
NL.WBHCODE.12.GEMAAL.KGM-Q-29311,KGM-Q-29311,,nan -> NULL (fouten: 1),nan -> NULL (fouten: 1),nan -> NULL (fouten: 1),,,NaT -> NULL (fouten: 1),<NA> -> NULL (fouten: 1),nan -> NULL (fouten: 1),,,onderbemaling -> NULL (fouten: 6),,,,nan -> NULL (fouten: 1),NaT -> NULL (fouten: 1),,,,,,,(fouten: 2),nan -> NULL (fouten: 1),nan -> NULL (fouten: 1),nan -> NULL (fouten: 1),,,nan -> NULL (fouten: 1),nan -> NULL (fouten: 1),,,,,,,False,0.0,0.0,False,False,True,1,2,0;1,0;1,,,aantal pompen = 0;capaciteit = 0,,,2025-06-06T08:52:12.186353
NL.WBHCODE.12.GEMAAL.KGM-Q-29306,KGM-Q-29306,,nan -> NULL (fouten: 1),nan -> NULL (fouten: 1),nan -> NULL (fouten: 1),,,NaT -> NULL (fouten: 1),<NA> -> NULL (fouten: 1),nan -> NULL (fouten: 1),,,onderbemaling -> NULL (fouten: 6),,,,nan -> NULL (fouten: 1),NaT -> NULL (fouten: 1),,,,,,,(fouten: 2),nan -> NULL (fouten: 1),nan -> NULL (fouten: 1),nan -> NULL (fouten: 1),,,nan -> NULL (fouten: 1),nan -> NULL (fouten: 1),,,,,,,False,0.0,0.0,False,False,True,1,2,0;1,0;1,,,aantal pompen = 0;capaciteit = 0,,,2025-06-06T08:52:12.186353
NL.WBHCODE.12.GEMAAL.KGM-Q-29308,KGM-Q-29308,,nan -> NULL (fouten: 1),nan -> NULL (fouten: 1),nan -> NULL (fouten: 1),,,NaT -> NULL (fouten: 1),<NA> -> NULL (fouten: 1),nan -> NULL (fouten: 1),,,onderbemaling -> NULL (fouten: 6),,,,nan -> NULL (fouten: 1),NaT -> NULL (fouten: 1),,,,,,,(fouten: 2),nan -> NULL (fouten: 1),nan -> NULL (fouten: 1),nan -> NULL (fouten: 1),,,nan -> NULL (fouten: 1),nan -> NULL (fouten: 1),,,,,,,False,0.0,0.0,False,False,True,1,2,0;1,0;1,,,aantal pompen = 0;capaciteit = 0,,,2025-06-06T08:52:12.186353
NL.WBHCODE.12.GEMAAL.KGM-Q-29310,KGM-Q-29310,,nan -> NULL (fouten: 1),nan -> NULL (fouten: 1),nan -> NULL (fouten: 1),,,NaT -> NULL (fouten: 1),<NA> -> NULL (fouten: 1),nan -> NULL (fouten: 1),,,onderbemaling -> NULL (fouten: 6),,,nee -> NULL (fouten: 6),nan -> NULL (fouten: 1),NaT -> NULL (fouten: 1),,,,,,,(fouten: 2),nan -> NULL (fouten: 1),nan -> NULL (fouten: 1),nan -> NULL (fouten: 1),,,nan -> NULL (fouten: 1),nan -> NULL (fouten: 1),,,,,,,False,0.0,0.0,False,False,True,1,2,0;1,0;1,,,aantal pompen = 0;capaciteit = 0,,,2025-06-06T08:52:12.186353
NL.WBHCODE.12.GEMAAL.KGM-Q-29309,KGM-Q-29309,,nan -> NULL (fouten: 1),nan -> NULL (fouten: 1),nan -> NULL (fouten: 1),,,NaT -> NULL (fouten: 1),<NA> -> NULL (fouten: 1),nan -> NULL (fouten: 1),,,onderbemaling -> NULL (fouten: 6),,,,nan -> NULL (fouten: 1),NaT -> NULL (fouten: 1),,,,,,,(fouten: 2),nan -> NULL (fouten: 1),nan -> NULL (fouten: 1),nan -> NULL (fouten: 1),,,nan -> NULL (fouten: 1),nan -> NULL (fouten: 1),,,,,,,False,0.0,0.0,False,False,True,1,2,0;1,0;1,,,aantal pompen = 0;capaciteit = 0,,,2025-06-06T08:52:12.186353
NL.WBHCODE.12.GEMAAL.KGM-N-51,KGM-N-51,,nan -> NULL (fouten: 1),nan -> NULL (fouten: 1),nan -> NULL (fouten: 1),,,NaT -> NULL (fouten: 1),<NA> -> NULL (fouten: 1),nan -> NULL (fouten: 1),,,onderbemaling -> NULL (fouten: 6),,,,nan -> NULL (fouten: 1),NaT -> NULL (fouten: 1),,,,,,,(fouten: 2),nan -> NULL (fouten: 1),nan -> NULL (fouten: 1),nan -> NULL (fouten: 1),,,nan -> NULL (fouten: 1),nan -> NULL (fouten: 1),,,,,,,False,0.0,0.0,False,False,True,1,2,0;1,0;1,,,aantal pompen = 0;capaciteit = 0,,,2025-06-06T08:52:12.186353
NL.WBHCODE.12.GEMAAL.KGM-Q-29305,KGM-Q-29305,,nan -> NULL (fouten: 1),nan -> NULL (fouten: 1),nan -> NULL (fouten: 1),,,NaT -> NULL (fouten: 1),<NA> -> NULL (fouten: 1),nan -> NULL (fouten: 1),,,onderbemaling -> NULL (fouten: 6),,,,nan -> NULL (fouten: 1),NaT -> NULL (fouten: 1),,,,,,,(fouten: 2),nan -> NULL (fouten: 1),nan -> NULL (fouten: 1),nan -> NULL (fouten: 1),,,nan -> NULL (fouten: 1),nan -> NULL (fouten: 1),,,,,,,False,0.0,0.0,False,False,True,1,2,0;1,0;1,,,aantal pompen = 0;capaciteit = 0,,,2025-06-06T08:52:12.186353
NL.WBHCODE.12.GEMAAL.KGM-Q-29346,KGM-Q-29346,,nan -> NULL (fouten: 1),nan -> NULL (fouten: 1),nan -> NULL (fouten: 1),,,NaT -> NULL (fouten: 1),<NA> -> NULL (fouten: 1),nan -> NULL (fouten: 1),,,onderbemaling -> NULL (fouten: 6),,,,nan -> NULL (fouten: 1),NaT -> NULL (fouten: 1),,,,,,,(fouten: 2),nan -> NULL (fouten: 1),nan -> NULL (fouten: 1),nan -> NULL (fouten: 1),,,nan -> NULL (fouten: 1),nan -> NULL (fouten: 1),,,,,,,False,0.0,0.0,False,False,True,1,2,0;1,0;1,,,aantal pompen = 0;capaciteit = 0,,,2025-06-06T08:52:12.186353
NL.WBHCODE.12.GEMAAL.KGM-JH-5084,KGM-JH-5084,,nan -> NULL (fouten: 1),nan -> NULL (fouten: 1),nan -> NULL (fouten: 1),,,NaT -> NULL (fouten: 1),<NA> -> NULL (fouten: 1),nan -> NULL (fouten: 1),,,onderbemaling -> NULL (fouten: 6),,,,nan -> NULL (fouten: 1),NaT -> NULL (fouten: 1),,,,,,,(fouten: 2),nan -> NULL (fouten: 1),nan -> NULL (fouten: 1),nan -> NULL (fouten: 1),,,nan -> NULL (fouten: 1),nan -> NULL (fouten: 1),,,,,,,False,0.0,0.0,False,False,True,1,2,0;1,0;1,,,aantal pompen = 0;capaciteit = 0,,,2025-06-06T08:52:12.186353
NL.WBHCODE.12.GEMAAL.KGM-JH-5085,KGM-JH-5085,,nan -> NULL (fouten: 1),nan -> NULL (fouten: 1),nan -> NULL (fouten: 1),,,NaT -> NULL (fouten: 1),<NA> -> NULL (fouten: 1),nan -> NULL (fouten: 1),,,onderbemaling -> NULL (fouten: 6),,,,nan -> NULL (fouten: 1),NaT -> NULL (fouten: 1),,,,,,,(fouten: 2),nan -> NULL (fouten: 1),nan -> NULL (fouten: 1),nan -> NULL (fouten: 1),,,nan -> NULL (fouten: 1),nan -> NULL (fouten: 1),,,,,,,False,0.0,0.0,False,False,True,1,2,0;1,0;1,,,aantal pompen = 0;capaciteit = 0,,,2025-06-06T08:52:12.186353
NL.WBHCODE.12.GEMAAL.KGM-N-255,KGM-N-255,,nan -> NULL (fouten: 1),nan -> NULL (fouten: 1),nan -> NULL (fouten: 1),,,NaT -> NULL (fouten: 1),<NA> -> NULL (fouten: 1),nan -> NULL (fouten: 1),,,,,,,nan -> NULL (fouten: 1),NaT -> NULL (fouten: 1),,,,,,,(fouten: 2),nan -> NULL (fouten: 1),nan -> NULL (fouten: 1),nan -> NULL (fouten: 1),,,nan -> NULL (fouten: 1),nan -> NULL (fouten: 1),,,,,,,False,0.0,0.0,False,False,True,1,2,0;1,0;1,,,aantal pompen = 0;capaciteit = 0,,,2025-06-06T08:52:12.186353
NL.WBHCODE.12.GEMAAL.KGM-Q-29345,KGM-Q-29345,,nan -> NULL (fouten: 1),nan -> NULL (fouten: 1),nan -> NULL (fouten: 1),,,NaT -> NULL (fouten: 1),<NA> -> NULL (fouten: 1),nan -> NULL (fouten: 1),,,onderbemaling -> NULL (fouten: 6),,,,nan -> NULL (fouten: 1),NaT -> NULL (fouten: 1),,,,,,,(fouten: 2),nan -> NULL (fouten: 1),nan -> NULL (fouten: 1),nan -> NULL (fouten: 1),,,nan -> NULL (fouten: 1),nan -> NULL (fouten: 1),,,,,,,False,0.0,0.0,False,False,True,1,2,0;1,0;1,,,aantal pompen = 0;capaciteit = 0,,,2025-06-06T08:52:12.186353
NL.WBHCODE.12.GEMAAL.KGM-OH-128,KGM-OH-128,,nan -> NULL (fouten: 1),nan -> NULL (fouten: 1),nan -> NULL (fouten: 1),,,NaT -> NULL (fouten: 1),<NA> -> NULL (fouten: 1),nan -> NULL (fouten: 1),,,onderbemaling -> NULL (fouten: 6),,,,nan -> NULL (fouten: 1),NaT -> NULL (fouten: 1),,,,,,,(fouten: 2),nan -> NULL (fouten: 1),nan -> NULL (fouten: 1),nan -> NULL (fouten: 1),,,nan -> NULL (fouten: 1),nan -> NULL (fouten: 1),,,,,,,False,0.0,0.0,False,False,True,1,2,0;1,0;1,,,aantal pompen = 0;capaciteit = 0,,,2025-06-06T08:52:12.186353
NL.WBHCODE.12.GEMAAL.KGM-CB-2829,KGM-CB-2829,,nan -> NULL (fouten: 1),nan -> NULL (fouten: 1),nan -> NULL (fouten: 1),,,NaT -> NULL (fouten: 1),<NA> -> NULL (fouten: 1),nan -> NULL (fouten: 1),,,onderbemaling -> NULL (fouten: 6),,,nee -> NULL (fouten: 6),nan -> NULL (fouten: 1),NaT -> NULL (fouten: 1),,,,,,,(fouten: 2),nan -> NULL (fouten: 1),nan -> NULL (fouten: 1),nan -> NULL (fouten: 1),,,nan -> NULL (fouten: 1),nan -> NULL (fouten: 1),,,,,,,False,0.0,0.0,False,False,True,1,2,0;1,0;1,,,aantal pompen = 0;capaciteit = 0,,,2025-06-06T08:52:12.186353
NL.WBHCODE.12.GEMAAL.KGM-Q-29303,KGM-Q-29303,,nan -> NULL (fouten: 1),nan -> NULL (fouten: 1),nan -> NULL (fouten: 1),,,NaT -> NULL (fouten: 1),<NA> -> NULL (fouten: 1),nan -> NULL (fouten: 1),,,onderbemaling -> NULL (fouten: 6),,,,nan -> NULL (fouten: 1),NaT -> NULL (fouten: 1),,,,,,,(fouten: 2),nan -> NULL (fouten: 1),nan -> NULL (fouten: 1),nan -> NULL (fouten: 1),,,nan -> NULL (fouten: 1),nan -> NULL (fouten: 1),,,,,,,False,0.0,0.0,False,False,True,1,2,0;1,0;1,,,aantal pompen = 0;capaciteit = 0,,,2025-06-06T08:52:12.186353
NL.WBHCODE.12.GEMAAL.KGM-Q-29343,KGM-Q-29343,,nan -> NULL (fouten: 1),nan -> NULL (fouten: 1),nan -> NULL (fouten: 1),,,NaT -> NULL (fouten: 1),<NA> -> NULL (fouten: 1),nan -> NULL (fouten: 1),,,onderbemaling -> NULL (fouten: 6),,,,nan -> NULL (fouten: 1),NaT -> NULL (fouten: 1),,,,,,,(fouten: 2),nan -> NULL (fouten: 1),nan -> NULL (fouten: 1),nan -> NULL (fouten: 1),,,nan -> NULL (fouten: 1),nan -> NULL (fouten: 1),,,,,,,False,0.0,0.0,False,False,True,1,2,0;1,0;1,,,aantal pompen = 0;capaciteit = 0,,,2025-06-06T08:52:12.186353
NL.WBHCODE.12.GEMAAL.KGM-CB-2940,KGM-CB-2940,,nan -> NULL (fouten: 1),nan -> NULL (fouten: 1),nan -> NULL (fouten: 1),,,NaT -> NULL (fouten: 1),<NA> -> NULL (fouten: 1),nan -> NULL (fouten: 1),,,onderbemaling -> NULL (fouten: 6),,,nee -> NULL (fouten: 6),nan -> NULL (fouten: 1),NaT -> NULL (fouten: 1),,,,,,,(fouten: 2),nan -> NULL (fouten: 1),nan -> NULL (fouten: 1),nan -> NULL (fouten: 1),,,nan -> NULL (fouten: 1),nan -> NULL (fouten: 1),,,,,,,False,0.0,0.0,False,False,True,1,2,0;1,0;1,,,aantal pompen = 0;capaciteit = 0,,,2025-06-06T08:52:12.186353
NL.WBHCODE.12.GEMAAL.KGM-Q-29342,KGM-Q-29342,,nan -> NULL (fouten: 1),nan -> NULL (fouten: 1),nan -> NULL (fouten: 1),,,NaT -> NULL (fouten: 1),<NA> -> NULL (fouten: 1),nan -> NULL (fouten: 1),,,onderbemaling -> NULL (fouten: 6),,,,nan -> NULL (fouten: 1),NaT -> NULL (fouten: 1),,,,,,,(fouten: 2),nan -> NULL (fouten: 1),nan -> NULL (fouten: 1),nan -> NULL (fouten: 1),,,nan -> NULL (fouten: 1),nan -> NULL (fouten: 1),,,,,,,False,0.0,0.0,False,False,True,1,2,0;1,0;1,,,aantal pompen = 0;capaciteit = 0,,,2025-06-06T08:52:12.186353
NL.WBHCODE.12.GEMAAL.KGM-Q-29341,KGM-Q-29341,,nan -> NULL (fouten: 1),nan -> NULL (fouten: 1),nan -> NULL (fouten: 1),,,NaT -> NULL (fouten: 1),<NA> -> NULL (fouten: 1),nan -> NULL (fouten: 1),,,onderbemaling -> NULL (fouten: 6),,,,nan -> NULL (fouten: 1),NaT -> NULL (fouten: 1),,,,,,,(fouten: 2),nan -> NULL (fouten: 1),nan -> NULL (fouten: 1),nan -> NULL (fouten: 1),,,nan -> NULL (fouten: 1),nan -> NULL (fouten: 1),,,,,,,False,0.0,0.0,False,False,True,1,2,0;1,0;1,,,aantal pompen = 0;capaciteit = 0,,,2025-06-06T08:52:12.186353
NL.WBHCODE.12.GEMAAL.KGM-Q-29282,KGM-Q-29282,,nan -> NULL (fouten: 1),nan -> NULL (fouten: 1),nan -> NULL (fouten: 1),,,NaT -> NULL (fouten: 1),<NA> -> NULL (fouten: 1),nan -> NULL (fouten: 1),,,onderbemaling -> NULL (fouten: 6),,,,nan -> NULL (fouten: 1),NaT -> NULL (fouten: 1),,,,,,,(fouten: 2),nan -> NULL (fouten: 1),nan -> NULL (fouten: 1),nan -> NULL (fouten: 1),,,nan -> NULL (fouten: 1),nan -> NULL (fouten: 1),,,,,,,False,0.0,0.0,False,False,True,1,2,0;1,0;1,,,aantal pompen = 0;capaciteit = 0,,,2025-06-06T08:52:12.186353
NL.WBHCODE.12.GEMAAL.KGM-Q-20393,KGM-Q-20393,,nan -> NULL (fouten: 1),nan -> NULL (fouten: 1),nan -> NULL (fouten: 1),,,NaT -> NULL (fouten: 1),<NA> -> NULL (fouten: 1),nan -> NULL (fouten: 1),,,afvoergemaal -> NULL (fouten: 6),,,,nan -> NULL (fouten: 1),NaT -> NULL (fouten: 1),,,,,,,(fouten: 2),nan -> NULL (fouten: 1),nan -> NULL (fouten: 1),nan -> NULL (fouten: 1),,,nan -> NULL (fouten: 1),nan -> NULL (fouten: 1),,,,,,,False,0.0,0.0,False,False,True,1,2,0;1,0;1,,,aantal pompen = 0;capaciteit = 0,,,2025-06-06T08:52:12.186353
NL.WBHCODE.12.GEMAAL.KGM-Q-29292,KGM-Q-29292,,nan -> NULL (fouten: 1),nan -> NULL (fouten: 1),nan -> NULL (fouten: 1),,,NaT -> NULL (fouten: 1),<NA> -> NULL (fouten: 1),nan -> NULL (fouten: 1),,,,,,,nan -> NULL (fouten: 1),NaT -> NULL (fouten: 1),,,,,,,(fouten: 2),nan -> NULL (fouten: 1),nan -> NULL (fouten: 1),nan -> NULL (fouten: 1),,,nan -> NULL (fouten: 1),nan -> NULL (fouten: 1),,,,,,,False,0.0,0.0,False,False,True,1,2,0;1,0;1,,,aantal pompen = 0;capaciteit = 0,,,2025-06-06T08:52:12.186353
NL.WBHCODE.12.GEMAAL.KGM-JH-5076,KGM-JH-5076,,nan -> NULL (fouten: 1),nan -> NULL (fouten: 1),nan -> NULL (fouten: 1),,,NaT -> NULL (fouten: 1),<NA> -> NULL (fouten: 1),nan -> NULL (fouten: 1),,,onderbemaling -> NULL (fouten: 6),,,,nan -> NULL (fouten: 1),NaT -> NULL (fouten: 1),,,,,,,(fouten: 2),nan -> NULL (fouten: 1),nan -> NULL (fouten: 1),nan -> NULL (fouten: 1),,,nan -> NULL (fouten: 1),nan -> NULL (fouten: 1),,,,,,,False,0.0,0.0,False,False,True,1,2,0;1,0;1,,,aantal pompen = 0;capaciteit = 0,,,2025-06-06T08:52:12.186353
NL.WBHCODE.12.GEMAAL.KGM-Q-20394,KGM-Q-20394,,nan -> NULL (fouten: 1),nan -> NULL (fouten: 1),nan -> NULL (fouten: 1),,,NaT -> NULL (fouten: 1),<NA> -> NULL (fouten: 1),nan -> NULL (fouten: 1),,,afvoergemaal -> NULL (fouten: 6),,,,nan -> NULL (fouten: 1),NaT -> NULL (fouten: 1),,,,,,,(fouten: 2),nan -> NULL (fouten: 1),nan -> NULL (fouten: 1),nan -> NULL (fouten: 1),,,nan -> NULL (fouten: 1),nan -> NULL (fouten: 1),,,,,,,False,0.0,0.0,False,False,True,1,2,0;1,0;1,,,aantal pompen = 0;capaciteit = 0,,,2025-06-06T08:52:12.186353
NL.WBHCODE.12.GEMAAL.KGM-Q-20395,KGM-Q-20395,,nan -> NULL (fouten: 1),nan -> NULL (fouten: 1),nan -> NULL (fouten: 1),,,NaT -> NULL (fouten: 1),<NA> -> NULL (fouten: 1),nan -> NULL (fouten: 1),,,afvoergemaal -> NULL (fouten: 6),,,,nan -> NULL (fouten: 1),NaT -> NULL (fouten: 1),,,,,,,(fouten: 2),nan -> NULL (fouten: 1),nan -> NULL (fouten: 1),nan -> NULL (fouten: 1),,,nan -> NULL (fouten: 1),nan -> NULL (fouten: 1),,,,,,,False,0.0,0.0,False,False,True,1,2,0;1,0;1,,,aantal pompen = 0;capaciteit = 0,,,2025-06-06T08:52:12.186353
NL.WBHCODE.12.GEMAAL.KGM-WS-24,KGM-WS-24,,nan -> NULL (fouten: 1),nan -> NULL (fouten: 1),nan -> NULL (fouten: 1),,,NaT -> NULL (fouten: 1),<NA> -> NULL (fouten: 1),nan -> NULL (fouten: 1),,,afvoergemaal -> NULL (fouten: 6),,,,nan -> NULL (fouten: 1),NaT -> NULL (fouten: 1),,,,,,,(fouten: 2),nan -> NULL (fouten: 1),nan -> NULL (fouten: 1),nan -> NULL (fouten: 1),,,nan -> NULL (fouten: 1),nan -> NULL (fouten: 1),,,,,,,False,0.0,0.0,False,False,True,1,2,0;1,0;1,,,aantal pompen = 0;capaciteit = 0,,,2025-06-06T08:52:12.186353
NL.WBHCODE.12.GEMAAL.KGM-Q-20392,KGM-Q-20392,,nan -> NULL (fouten: 1),nan -> NULL (fouten: 1),nan -> NULL (fouten: 1),,,NaT -> NULL (fouten: 1),<NA> -> NULL (fouten: 1),nan -> NULL (fouten: 1),,,afvoergemaal -> NULL (fouten: 6),,,ja -> NULL (fouten: 6),nan -> NULL (fouten: 1),NaT -> NULL (fouten: 1),,,,,,,(fouten: 2),nan -> NULL (fouten: 1),nan -> NULL (fouten: 1),nan -> NULL (fouten: 1),,,nan -> NULL (fouten: 1),nan -> NULL (fouten: 1),,,,,,,False,0.0,0.0,False,False,True,1,2,0;1,0;1,,,aantal pompen = 0;capaciteit = 0,,,2025-06-06T08:52:12.186353
NL.WBHCODE.12.GEMAAL.KGM-Q-29287,KGM-Q-29287,,nan -> NULL (fouten: 1),nan -> NULL (fouten: 1),nan -> NULL (fouten: 1),,,NaT -> NULL (fouten: 1),<NA> -> NULL (fouten: 1),nan -> NULL (fouten: 1),,,onderbemaling -> NULL (fouten: 6),,,,nan -> NULL (fouten: 1),NaT -> NULL (fouten: 1),,,,,,,(fouten: 2),nan -> NULL (fouten: 1),nan -> NULL (fouten: 1),nan -> NULL (fouten: 1),,,nan -> NULL (fouten: 1),nan -> NULL (fouten: 1),,,,,,,False,0.0,0.0,False,False,True,1,2,0;1,0;1,,,aantal pompen = 0;capaciteit = 0,,,2025-06-06T08:52:12.186353
NL.WBHCODE.12.GEMAAL.KGM-Q-29279,KGM-Q-29279,,nan -> NULL (fouten: 1),nan -> NULL (fouten: 1),nan -> NULL (fouten: 1),,,NaT -> NULL (fouten: 1),<NA> -> NULL (fouten: 1),nan -> NULL (fouten: 1),,,onderbemaling -> NULL (fouten: 6),,,,nan -> NULL (fouten: 1),NaT -> NULL (fouten: 1),,,,,,,(fouten: 2),nan -> NULL (fouten: 1),nan -> NULL (fouten: 1),nan -> NULL (fouten: 1),,,nan -> NULL (fouten: 1),nan -> NULL (fouten: 1),,,,,,,False,0.0,0.0,False,False,True,1,2,0;1,0;1,,,aantal pompen = 0;capaciteit = 0,,,2025-06-06T08:52:12.186353
NL.WBHCODE.12.GEMAAL.KGM-Q-29280,KGM-Q-29280,,nan -> NULL (fouten: 1),nan -> NULL (fouten: 1),nan -> NULL (fouten: 1),,,NaT -> NULL (fouten: 1),<NA> -> NULL (fouten: 1),nan -> NULL (fouten: 1),,,onderbemaling -> NULL (fouten: 6),,,,nan -> NULL (fouten: 1),NaT -> NULL (fouten: 1),,,,,,,(fouten: 2),nan -> NULL (fouten: 1),nan -> NULL (fouten: 1),nan -> NULL (fouten: 1),,,nan -> NULL (fouten: 1),nan -> NULL (fouten: 1),,,,,,,False,0.0,0.0,False,False,True,1,2,0;1,0;1,,,aantal pompen = 0;capaciteit = 0,,,2025-06-06T08:52:12.186353
NL.WBHCODE.12.GEMAAL.KGM-Q-29281,KGM-Q-29281,,nan -> NULL (fouten: 1),nan -> NULL (fouten: 1),nan -> NULL (fouten: 1),,,NaT -> NULL (fouten: 1),<NA> -> NULL (fouten: 1),nan -> NULL (fouten: 1),,,onderbemaling -> NULL (fouten: 6),,,,nan -> NULL (fouten: 1),NaT -> NULL (fouten: 1),,,,,,,(fouten: 2),nan -> NULL (fouten: 1),nan -> NULL (fouten: 1),nan -> NULL (fouten: 1),,,nan -> NULL (fouten: 1),nan -> NULL (fouten: 1),,,,,,,False,0.0,0.0,False,False,True,1,2,0;1,0;1,,,aantal pompen = 0;capaciteit = 0,,,2025-06-06T08:52:12.186353
NL.WBHCODE.12.GEMAAL.KGM-CB-3731,KGM-CB-3731,,nan -> NULL (fouten: 1),nan -> NULL (fouten: 1),nan -> NULL (fouten: 1),,,NaT -> NULL (fouten: 1),<NA> -> NULL (fouten: 1),nan -> NULL (fouten: 1),,,afvoergemaal -> NULL (fouten: 6),,,nee -> NULL (fouten: 6),nan -> NULL (fouten: 1),NaT -> NULL (fouten: 1),,,,,,,(fouten: 2),nan -> NULL (fouten: 1),nan -> NULL (fouten: 1),nan -> NULL (fouten: 1),,,nan -> NULL (fouten: 1),nan -> NULL (fouten: 1),,,,,,,False,0.0,0.0,False,False,True,1,2,0;1,0;1,,,aantal pompen = 0;capaciteit = 0,,,2025-06-06T08:52:12.186353
NL.WBHCODE.12.GEMAAL.KGM-JH-5071,KGM-JH-5071,,nan -> NULL (fouten: 1),nan -> NULL (fouten: 1),nan -> NULL (fouten: 1),,,NaT -> NULL (fouten: 1),<NA> -> NULL (fouten: 1),nan -> NULL (fouten: 1),,,afvoergemaal -> NULL (fouten: 6),,,nee -> NULL (fouten: 6),nan -> NULL (fouten: 1),NaT -> NULL (fouten: 1),,,,,,,(fouten: 2),nan -> NULL (fouten: 1),nan -> NULL (fouten: 1),nan -> NULL (fouten: 1),,,nan -> NULL (fouten: 1),nan -> NULL (fouten: 1),,,,,,,False,0.0,0.0,False,False,True,1,2,0;1,0;1,,,aantal pompen = 0;capaciteit = 0,,,2025-06-06T08:52:12.186353
NL.WBHCODE.12.GEMAAL.KGM-JH-5070,KGM-JH-5070,,nan -> NULL (fouten: 1),nan -> NULL (fouten: 1),nan -> NULL (fouten: 1),,,NaT -> NULL (fouten: 1),<NA> -> NULL (fouten: 1),nan -> NULL (fouten: 1),,,,,,,nan -> NULL (fouten: 1),NaT -> NULL (fouten: 1),,,,,,,(fouten: 2),nan -> NULL (fouten: 1),nan -> NULL (fouten: 1),nan -> NULL (fouten: 1),,,nan -> NULL (fouten: 1),nan -> NULL (fouten: 1),,,,,,,False,0.0,0.0,False,False,True,1,2,0;1,0;1,,,aantal pompen = 0;capaciteit = 0,,,2025-06-06T08:52:12.186353
NL.WBHCODE.12.GEMAAL.KGM-Q-20228,KGM-Q-20228,,nan -> NULL (fouten: 1),nan -> NULL (fouten: 1),nan -> NULL (fouten: 1),,,NaT -> NULL (fouten: 1),<NA> -> NULL (fouten: 1),nan -> NULL (fouten: 1),,,afvoergemaal -> NULL (fouten: 6),,,ja -> NULL (fouten: 6),nan -> NULL (fouten: 1),NaT -> NULL (fouten: 1),,,,,,,(fouten: 2),nan -> NULL (fouten: 1),nan -> NULL (fouten: 1),nan -> NULL (fouten: 1),,,nan -> NULL (fouten: 1),nan -> NULL (fouten: 1),,,,,,,False,0.0,0.0,False,False,True,1,2,0;1,0;1,,,aantal pompen = 0;capaciteit = 0,,,2025-06-06T08:52:12.186353
NL.WBHCODE.12.GEMAAL.KGM-Q-20408,KGM-Q-20408,,nan -> NULL (fouten: 1),nan -> NULL (fouten: 1),nan -> NULL (fouten: 1),,,NaT -> NULL (fouten: 1),<NA> -> NULL (fouten: 1),nan -> NULL (fouten: 1),,,afvoergemaal -> NULL (fouten: 6),,,,nan -> NULL (fouten: 1),NaT -> NULL (fouten: 1),,,,,,,(fouten: 2),nan -> NULL (fouten: 1),nan -> NULL (fouten: 1),nan -> NULL (fouten: 1),,,nan -> NULL (fouten: 1),nan -> NULL (fouten: 1),,,,,,,False,0.0,0.0,False,False,True,1,2,0;1,0;1,,,aantal pompen = 0;capaciteit = 0,,,2025-06-06T08:52:12.186353
NL.WBHCODE.12.GEMAAL.KGM-OH-563,KGM-OH-563,,nan -> NULL (fouten: 1),nan -> NULL (fouten: 1),nan -> NULL (fouten: 1),,,NaT -> NULL (fouten: 1),<NA> -> NULL (fouten: 1),nan -> NULL (fouten: 1),,,afvoergemaal -> NULL (fouten: 6),,,ja -> NULL (fouten: 6),nan -> NULL (fouten: 1),NaT -> NULL (fouten: 1),,,,,,,(fouten: 2),nan -> NULL (fouten: 1),nan -> NULL (fouten: 1),nan -> NULL (fouten: 1),,,nan -> NULL (fouten: 1),nan -> NULL (fouten: 1),,,,,,,False,0.0,0.0,False,False,True,1,2,0;1,0;1,,,aantal pompen = 0;capaciteit = 0,,,2025-06-06T08:52:12.186353
NL.WBHCODE.12.GEMAAL.KGM-Q-29291,KGM-Q-29291,,nan -> NULL (fouten: 1),nan -> NULL (fouten: 1),nan -> NULL (fouten: 1),,,NaT -> NULL (fouten: 1),<NA> -> NULL (fouten: 1),nan -> NULL (fouten: 1),,,onderbemaling -> NULL (fouten: 6),,,,nan -> NULL (fouten: 1),NaT -> NULL (fouten: 1),,,,,,,(fouten: 2),nan -> NULL (fouten: 1),nan -> NULL (fouten: 1),nan -> NULL (fouten: 1),,,nan -> NULL (fouten: 1),nan -> NULL (fouten: 1),,,,,,,False,0.0,0.0,False,False,True,1,2,0;1,0;1,,,aantal pompen = 0;capaciteit = 0,,,2025-06-06T08:52:12.186353
NL.WBHCODE.12.GEMAAL.KGM-Q-20231,KGM-Q-20231,,nan -> NULL (fouten: 1),nan -> NULL (fouten: 1),nan -> NULL (fouten: 1),,,NaT -> NULL (fouten: 1),<NA> -> NULL (fouten: 1),nan -> NULL (fouten: 1),,,,,,,nan -> NULL (fouten: 1),NaT -> NULL (fouten: 1),,,,,,,(fouten: 2),nan -> NULL (fouten: 1),nan -> NULL (fouten: 1),nan -> NULL (fouten: 1),,,nan -> NULL (fouten: 1),nan -> NULL (fouten: 1),,,,,,,False,0.0,0.0,False,False,True,1,2,0;1,0;1,,,aantal pompen = 0;capaciteit = 0,,,2025-06-06T08:52:12.186353
NL.WBHCODE.12.GEMAAL.KGM-Q-29293,KGM-Q-29293,,nan -> NULL (fouten: 1),nan -> NULL (fouten: 1),nan -> NULL (fouten: 1),,,NaT -> NULL (fouten: 1),<NA> -> NULL (fouten: 1),nan -> NULL (fouten: 1),,,onderbemaling -> NULL (fouten: 6),,,,nan -> NULL (fouten: 1),NaT -> NULL (fouten: 1),,,,,,,(fouten: 2),nan -> NULL (fouten: 1),nan -> NULL (fouten: 1),nan -> NULL (fouten: 1),,,nan -> NULL (fouten: 1),nan -> NULL (fouten: 1),,,,,,,False,0.0,0.0,False,False,True,1,2,0;1,0;1,,,aantal pompen = 0;capaciteit = 0,,,2025-06-06T08:52:12.186353
NL.WBHCODE.12.GEMAAL.KGM-Q-29295,KGM-Q-29295,,nan -> NULL (fouten: 1),nan -> NULL (fouten: 1),nan -> NULL (fouten: 1),,,NaT -> NULL (fouten: 1),<NA> -> NULL (fouten: 1),nan -> NULL (fouten: 1),,,onderbemaling -> NULL (fouten: 6),,,,nan -> NULL (fouten: 1),NaT -> NULL (fouten: 1),,,,,,,(fouten: 2),nan -> NULL (fouten: 1),nan -> NULL (fouten: 1),nan -> NULL (fouten: 1),,,nan -> NULL (fouten: 1),nan -> NULL (fouten: 1),,,,,,,False,0.0,0.0,False,False,True,1,2,0;1,0;1,,,aantal pompen = 0;capaciteit = 0,,,2025-06-06T08:52:12.186353
NL.WBHCODE.12.GEMAAL.KGM-JH-5075,KGM-JH-5075,,nan -> NULL (fouten: 1),nan -> NULL (fouten: 1),nan -> NULL (fouten: 1),,,NaT -> NULL (fouten: 1),<NA> -> NULL (fouten: 1),nan -> NULL (fouten: 1),,,onderbemaling -> NULL (fouten: 6),,,,nan -> NULL (fouten: 1),NaT -> NULL (fouten: 1),,,,,,,(fouten: 2),nan -> NULL (fouten: 1),nan -> NULL (fouten: 1),nan -> NULL (fouten: 1),,,nan -> NULL (fouten: 1),nan -> NULL (fouten: 1),,,,,,,False,0.0,0.0,False,False,True,1,2,0;1,0;1,,,aantal pompen = 0;capaciteit = 0,,,2025-06-06T08:52:12.186353
NL.WBHCODE.12.GEMAAL.KGM-Q-29322,KGM-Q-29322,,nan -> NULL (fouten: 1),nan -> NULL (fouten: 1),nan -> NULL (fouten: 1),,,NaT -> NULL (fouten: 1),<NA> -> NULL (fouten: 1),nan -> NULL (fouten: 1),,,onderbemaling -> NULL (fouten: 6),,,,nan -> NULL (fouten: 1),NaT -> NULL (fouten: 1),,,,,,,(fouten: 2),nan -> NULL (fouten: 1),nan -> NULL (fouten: 1),nan -> NULL (fouten: 1),,,nan -> NULL (fouten: 1),nan -> NULL (fouten: 1),,,,,,,False,0.0,0.0,False,False,True,1,2,0;1,0;1,,,aantal pompen = 0;capaciteit = 0,,,2025-06-06T08:52:12.186353
NL.WBHCODE.12.GEMAAL.KGM-Q-29324,KGM-Q-29324,,nan -> NULL (fouten: 1),nan -> NULL (fouten: 1),nan -> NULL (fouten: 1),,,NaT -> NULL (fouten: 1),<NA> -> NULL (fouten: 1),nan -> NULL (fouten: 1),,,onderbemaling -> NULL (fouten: 6),,,,nan -> NULL (fouten: 1),NaT -> NULL (fouten: 1),,,,,,,(fouten: 2),nan -> NULL (fouten: 1),nan -> NULL (fouten: 1),nan -> NULL (fouten: 1),,,nan -> NULL (fouten: 1),nan -> NULL (fouten: 1),,,,,,,False,0.0,0.0,False,False,True,1,2,0;1,0;1,,,aantal pompen = 0;capaciteit = 0,,,2025-06-06T08:52:12.186353
NL.WBHCODE.12.GEMAAL.KGM-IB-4,KGM-IB-4,,nan -> NULL (fouten: 1),nan -> NULL (fouten: 1),nan -> NULL (fouten: 1),,,NaT -> NULL (fouten: 1),<NA> -> NULL (fouten: 1),nan -> NULL (fouten: 1),,,afvoergemaal -> NULL (fouten: 6),,,nee -> NULL (fouten: 6),nan -> NULL (fouten: 1),NaT -> NULL (fouten: 1),,,,,,,(fouten: 2),nan -> NULL (fouten: 1),nan -> NULL (fouten: 1),nan -> NULL (fouten: 1),,,nan -> NULL (fouten: 1),nan -> NULL (fouten: 1),,,,,,,False,0.0,0.0,False,False,True,1,2,0;1,0;1,,,aantal pompen = 0;capaciteit = 0,,,2025-06-06T08:52:12.186353
NL.WBHCODE.12.GEMAAL.KGM-Q-29338,KGM-Q-29338,,nan -> NULL (fouten: 1),nan -> NULL (fouten: 1),nan -> NULL (fouten: 1),,,NaT -> NULL (fouten: 1),<NA> -> NULL (fouten: 1),nan -> NULL (fouten: 1),,,onderbemaling -> NULL (fouten: 6),,,,nan -> NULL (fouten: 1),NaT -> NULL (fouten: 1),,,,,,,(fouten: 2),nan -> NULL (fouten: 1),nan -> NULL (fouten: 1),nan -> NULL (fouten: 1),,,nan -> NULL (fouten: 1),nan -> NULL (fouten: 1),,,,,,,False,0.0,0.0,False,False,True,1,2,0;1,0;1,,,aantal pompen = 0;capaciteit = 0,,,2025-06-06T08:52:12.186353
NL.WBHCODE.12.GEMAAL.KGM-JH-5087,KGM-JH-5087,,nan -> NULL (fouten: 1),nan -> NULL (fouten: 1),nan -> NULL (fouten: 1),,,NaT -> NULL (fouten: 1),<NA> -> NULL (fouten: 1),nan -> NULL (fouten: 1),,,afvoergemaal -> NULL (fouten: 6),,,,nan -> NULL (fouten: 1),NaT -> NULL (fouten: 1),,,,,,,(fouten: 2),nan -> NULL (fouten: 1),nan -> NULL (fouten: 1),nan -> NULL (fouten: 1),,,nan -> NULL (fouten: 1),nan -> NULL (fouten: 1),,,,,,,False,0.0,0.0,False,False,True,1,2,0;1,0;1,,,aantal pompen = 0;capaciteit = 0,,,2025-06-06T08:52:12.186353
NL.WBHCODE.12.GEMAAL.KGM-Q-20422,KGM-Q-20422,,nan -> NULL (fouten: 1),nan -> NULL (fouten: 1),nan -> NULL (fouten: 1),,,NaT -> NULL (fouten: 1),<NA> -> NULL (fouten: 1),nan -> NULL (fouten: 1),,,afvoergemaal -> NULL (fouten: 6),,,ja -> NULL (fouten: 6),nan -> NULL (fouten: 1),NaT -> NULL (fouten: 1),,,,,,,(fouten: 2),nan -> NULL (fouten: 1),nan -> NULL (fouten: 1),nan -> NULL (fouten: 1),,,nan -> NULL (fouten: 1),nan -> NULL (fouten: 1),,,,,,,False,0.0,0.0,False,False,True,1,2,0;1,0;1,,,aantal pompen = 0;capaciteit = 0,,,2025-06-06T08:52:12.186353
NL.WBHCODE.12.GEMAAL.KGM-JH-5086,KGM-JH-5086,,nan -> NULL (fouten: 1),nan -> NULL (fouten: 1),nan -> NULL (fouten: 1),,,NaT -> NULL (fouten: 1),<NA> -> NULL (fouten: 1),nan -> NULL (fouten: 1),,,onderbemaling -> NULL (fouten: 6),,,,nan -> NULL (fouten: 1),NaT -> NULL (fouten: 1),,,,,,,(fouten: 2),nan -> NULL (fouten: 1),nan -> NULL (fouten: 1),nan -> NULL (fouten: 1),,,nan -> NULL (fouten: 1),nan -> NULL (fouten: 1),,,,,,,False,0.0,0.0,False,False,True,1,2,0;1,0;1,,,aantal pompen = 0;capaciteit = 0,,,2025-06-06T08:52:12.186353
NL.WBHCODE.12.GEMAAL.KGM-Q-29337,KGM-Q-29337,,nan -> NULL (fouten: 1),nan -> NULL (fouten: 1),nan -> NULL (fouten: 1),,,NaT -> NULL (fouten: 1),<NA> -> NULL (fouten: 1),nan -> NULL (fouten: 1),,,onderbemaling -> NULL (fouten: 6),,,,nan -> NULL (fouten: 1),NaT -> NULL (fouten: 1),,,,,,,(fouten: 2),nan -> NULL (fouten: 1),nan -> NULL (fouten: 1),nan -> NULL (fouten: 1),,,nan -> NULL (fouten: 1),nan -> NULL (fouten: 1),,,,,,,False,0.0,0.0,False,False,True,1,2,0;1,0;1,,,aantal pompen = 0;capaciteit = 0,,,2025-06-06T08:52:12.186353
NL.WBHCODE.12.GEMAAL.KGM-Q-29328,KGM-Q-29328,,nan -> NULL (fouten: 1),nan -> NULL (fouten: 1),nan -> NULL (fouten: 1),,,NaT -> NULL (fouten: 1),<NA> -> NULL (fouten: 1),nan -> NULL (fouten: 1),,,onderbemaling -> NULL (fouten: 6),,,,nan -> NULL (fouten: 1),NaT -> NULL (fouten: 1),,,,,,,(fouten: 2),nan -> NULL (fouten: 1),nan -> NULL (fouten: 1),nan -> NULL (fouten: 1),,,nan -> NULL (fouten: 1),nan -> NULL (fouten: 1),,,,,,,False,0.0,0.0,False,False,True,1,2,0;1,0;1,,,aantal pompen = 0;capaciteit = 0,,,2025-06-06T08:52:12.186353
NL.WBHCODE.12.GEMAAL.KGM-Q-29315,KGM-Q-29315,,nan -> NULL (fouten: 1),nan -> NULL (fouten: 1),nan -> NULL (fouten: 1),,,NaT -> NULL (fouten: 1),<NA> -> NULL (fouten: 1),nan -> NULL (fouten: 1),,,onderbemaling -> NULL (fouten: 6),,,,nan -> NULL (fouten: 1),NaT -> NULL (fouten: 1),,,,,,,(fouten: 2),nan -> NULL (fouten: 1),nan -> NULL (fouten: 1),nan -> NULL (fouten: 1),,,nan -> NULL (fouten: 1),nan -> NULL (fouten: 1),,,,,,,False,0.0,0.0,False,False,True,1,2,0;1,0;1,,,aantal pompen = 0;capaciteit = 0,,,2025-06-06T08:52:12.186353
NL.WBHCODE.12.GEMAAL.KGM-Q-29316,KGM-Q-29316,,nan -> NULL (fouten: 1),nan -> NULL (fouten: 1),nan -> NULL (fouten: 1),,,NaT -> NULL (fouten: 1),<NA> -> NULL (fouten: 1),nan -> NULL (fouten: 1),,,onderbemaling -> NULL (fouten: 6),,,,nan -> NULL (fouten: 1),NaT -> NULL (fouten: 1),,,,,,,(fouten: 2),nan -> NULL (fouten: 1),nan -> NULL (fouten: 1),nan -> NULL (fouten: 1),,,nan -> NULL (fouten: 1),nan -> NULL (fouten: 1),,,,,,,False,0.0,0.0,False,False,True,1,2,0;1,0;1,,,aantal pompen = 0;capaciteit = 0,,,2025-06-06T08:52:12.186353
NL.WBHCODE.12.GEMAAL.KGM-S-2824,KGM-S-2824,,nan -> NULL (fouten: 1),nan -> NULL (fouten: 1),nan -> NULL (fouten: 1),,,NaT -> NULL (fouten: 1),<NA> -> NULL (fouten: 1),nan -> NULL (fouten: 1),,,onderbemaling -> NULL (fouten: 6),,,,nan -> NULL (fouten: 1),NaT -> NULL (fouten: 1),,,,,,,(fouten: 2),nan -> NULL (fouten: 1),nan -> NULL (fouten: 1),nan -> NULL (fouten: 1),,,nan -> NULL (fouten: 1),nan -> NULL (fouten: 1),,,,,,,False,0.0,0.0,False,False,True,1,2,0;1,0;1,,,aantal pompen = 0;capaciteit = 0,,,2025-06-06T08:52:12.186353
NL.WBHCODE.12.GEMAAL.KGM-S-2826,KGM-S-2826,,nan -> NULL (fouten: 1),nan -> NULL (fouten: 1),nan -> NULL (fouten: 1),,,NaT -> NULL (fouten: 1),<NA> -> NULL (fouten: 1),nan -> NULL (fouten: 1),,,onderbemaling -> NULL (fouten: 6),,,,nan -> NULL (fouten: 1),NaT -> NULL (fouten: 1),,,,,,,(fouten: 2),nan -> NULL (fouten: 1),nan -> NULL (fouten: 1),nan -> NULL (fouten: 1),,,nan -> NULL (fouten: 1),nan -> NULL (fouten: 1),,,,,,,False,0.0,0.0,False,False,True,1,2,0;1,0;1,,,aantal pompen = 0;capaciteit = 0,,,2025-06-06T08:52:12.186353
NL.WBHCODE.12.GEMAAL.KGM-Q-29329,KGM-Q-29329,,nan -> NULL (fouten: 1),nan -> NULL (fouten: 1),nan -> NULL (fouten: 1),,,NaT -> NULL (fouten: 1),<NA> -> NULL (fouten: 1),nan -> NULL (fouten: 1),,,onderbemaling -> NULL (fouten: 6),,,,nan -> NULL (fouten: 1),NaT -> NULL (fouten: 1),,,,,,,(fouten: 2),nan -> NULL (fouten: 1),nan -> NULL (fouten: 1),nan -> NULL (fouten: 1),,,nan -> NULL (fouten: 1),nan -> NULL (fouten: 1),,,,,,,False,0.0,0.0,False,False,True,1,2,0;1,0;1,,,aantal pompen = 0;capaciteit = 0,,,2025-06-06T08:52:12.186353
NL.WBHCODE.12.GEMAAL.KGM-Q-29326,KGM-Q-29326,,nan -> NULL (fouten: 1),nan -> NULL (fouten: 1),nan -> NULL (fouten: 1),,,NaT -> NULL (fouten: 1),<NA> -> NULL (fouten: 1),nan -> NULL (fouten: 1),,,onderbemaling -> NULL (fouten: 6),,,,nan -> NULL (fouten: 1),NaT -> NULL (fouten: 1),,,,,,,(fouten: 2),nan -> NULL (fouten: 1),nan -> NULL (fouten: 1),nan -> NULL (fouten: 1),,,nan -> NULL (fouten: 1),nan -> NULL (fouten: 1),,,,,,,False,0.0,0.0,False,False,True,1,2,0;1,0;1,,,aantal pompen = 0;capaciteit = 0,,,2025-06-06T08:52:12.186353
NL.WBHCODE.12.GEMAAL.KGM-J-913,KGM-J-913,,nan -> NULL (fouten: 1),nan -> NULL (fouten: 1),nan -> NULL (fouten: 1),,,NaT -> NULL (fouten: 1),<NA> -> NULL (fouten: 1),nan -> NULL (fouten: 1),,,onderbemaling -> NULL (fouten: 6),,,,nan -> NULL (fouten: 1),NaT -> NULL (fouten: 1),,,,,,,(fouten: 2),nan -> NULL (fouten: 1),nan -> NULL (fouten: 1),nan -> NULL (fouten: 1),,,nan -> NULL (fouten: 1),nan -> NULL (fouten: 1),,,,,,,False,0.0,0.0,False,False,True,1,2,0;1,0;1,,,aantal pompen = 0;capaciteit = 0,,,2025-06-06T08:52:12.186353
NL.WBHCODE.12.GEMAAL.KGM-JH-5069,KGM-JH-5069,,nan -> NULL (fouten: 1),nan -> NULL (fouten: 1),nan -> NULL (fouten: 1),,,NaT -> NULL (fouten: 1),<NA> -> NULL (fouten: 1),nan -> NULL (fouten: 1),,,onderbemaling -> NULL (fouten: 6),,,,nan -> NULL (fouten: 1),NaT -> NULL (fouten: 1),,,,,,,(fouten: 2),nan -> NULL (fouten: 1),nan -> NULL (fouten: 1),nan -> NULL (fouten: 1),,,nan -> NULL (fouten: 1),nan -> NULL (fouten: 1),,,,,,,False,0.0,0.0,False,False,True,1,2,0;1,0;1,,,aantal pompen = 0;capaciteit = 0,,,2025-06-06T08:52:12.186353
NL.WBHCODE.12.GEMAAL.KGM-X-2506,KGM-X-2506,,nan -> NULL (fouten: 1),nan -> NULL (fouten: 1),nan -> NULL (fouten: 1),,,NaT -> NULL (fouten: 1),<NA> -> NULL (fouten: 1),nan -> NULL (fouten: 1),,,onderbemaling -> NULL (fouten: 6),,,nee -> NULL (fouten: 6),nan -> NULL (fouten: 1),NaT -> NULL (fouten: 1),,,,,,,(fouten: 2),nan -> NULL (fouten: 1),nan -> NULL (fouten: 1),nan -> NULL (fouten: 1),,,nan -> NULL (fouten: 1),nan -> NULL (fouten: 1),,,,,,,False,0.0,0.0,False,False,True,1,2,0;1,0;1,,,aantal pompen = 0;capaciteit = 0,,,2025-06-06T08:52:12.186353
NL.WBHCODE.12.GEMAAL.KGM-Q-29332,KGM-Q-29332,,nan -> NULL (fouten: 1),nan -> NULL (fouten: 1),nan -> NULL (fouten: 1),,,NaT -> NULL (fouten: 1),<NA> -> NULL (fouten: 1),nan -> NULL (fouten: 1),,,onderbemaling -> NULL (fouten: 6),,,nee -> NULL (fouten: 6),nan -> NULL (fouten: 1),NaT -> NULL (fouten: 1),,,,,,,(fouten: 2),nan -> NULL (fouten: 1),nan -> NULL (fouten: 1),nan -> NULL (fouten: 1),,,nan -> NULL (fouten: 1),nan -> NULL (fouten: 1),,,,,,,False,0.0,0.0,False,False,True,1,2,0;1,0;1,,,aantal pompen = 0;capaciteit = 0,,,2025-06-06T08:52:12.186353
NL.WBHCODE.12.GEMAAL.KGM-Q-29300,KGM-Q-29300,,nan -> NULL (fouten: 1),nan -> NULL (fouten: 1),nan -> NULL (fouten: 1),,,NaT -> NULL (fouten: 1),<NA> -> NULL (fouten: 1),nan -> NULL (fouten: 1),,,onderbemaling -> NULL (fouten: 6),,,,nan -> NULL (fouten: 1),NaT -> NULL (fouten: 1),,,,,,,(fouten: 2),nan -> NULL (fouten: 1),nan -> NULL (fouten: 1),nan -> NULL (fouten: 1),,,nan -> NULL (fouten: 1),nan -> NULL (fouten: 1),,,,,,,False,0.0,0.0,False,False,True,1,2,0;1,0;1,,,aantal pompen = 0;capaciteit = 0,,,2025-06-06T08:52:12.186353
NL.WBHCODE.12.GEMAAL.KGM-E-242,KGM-E-242,,nan -> NULL (fouten: 1),nan -> NULL (fouten: 1),nan -> NULL (fouten: 1),,,NaT -> NULL (fouten: 1),<NA> -> NULL (fouten: 1),nan -> NULL (fouten: 1),,,onderbemaling -> NULL (fouten: 6),,,,nan -> NULL (fouten: 1),NaT -> NULL (fouten: 1),,,,,,,(fouten: 2),nan -> NULL (fouten: 1),nan -> NULL (fouten: 1),nan -> NULL (fouten: 1),,,nan -> NULL (fouten: 1),nan -> NULL (fouten: 1),,,,,,,False,0.0,0.0,False,False,True,1,2,0;1,0;1,,,aantal pompen = 0;capaciteit = 0,,,2025-06-06T08:52:12.186353
NL.WBHCODE.12.GEMAAL.KGM-Q-29336,KGM-Q-29336,,nan -> NULL (fouten: 1),nan -> NULL (fouten: 1),nan -> NULL (fouten: 1),,,NaT -> NULL (fouten: 1),<NA> -> NULL (fouten: 1),nan -> NULL (fouten: 1),,,onderbemaling -> NULL (fouten: 6),,,,nan -> NULL (fouten: 1),NaT -> NULL (fouten: 1),,,,,,,(fouten: 2),nan -> NULL (fouten: 1),nan -> NULL (fouten: 1),nan -> NULL (fouten: 1),,,nan -> NULL (fouten: 1),nan -> NULL (fouten: 1),,,,,,,False,0.0,0.0,False,False,True,1,2,0;1,0;1,,,aantal pompen = 0;capaciteit = 0,,,2025-06-06T08:52:12.186353
NL.WBHCODE.12.GEMAAL.KGM-JH-5073,KGM-JH-5073,,nan -> NULL (fouten: 1),nan -> NULL (fouten: 1),nan -> NULL (fouten: 1),,,NaT -> NULL (fouten: 1),<NA> -> NULL (fouten: 1),nan -> NULL (fouten: 1),,,onderbemaling -> NULL (fouten: 6),,,,nan -> NULL (fouten: 1),NaT -> NULL (fouten: 1),,,,,,,(fouten: 2),nan -> NULL (fouten: 1),nan -> NULL (fouten: 1),nan -> NULL (fouten: 1),,,nan -> NULL (fouten: 1),nan -> NULL (fouten: 1),,,,,,,False,0.0,0.0,False,False,True,1,2,0;1,0;1,,,aantal pompen = 0;capaciteit = 0,,,2025-06-06T08:52:12.186353
NL.WBHCODE.12.GEMAAL.KGM-Q-29335,KGM-Q-29335,,nan -> NULL (fouten: 1),nan -> NULL (fouten: 1),nan -> NULL (fouten: 1),,,NaT -> NULL (fouten: 1),<NA> -> NULL (fouten: 1),nan -> NULL (fouten: 1),,,onderbemaling -> NULL (fouten: 6),,,nee -> NULL (fouten: 6),nan -> NULL (fouten: 1),NaT -> NULL (fouten: 1),,,,,,,(fouten: 2),nan -> NULL (fouten: 1),nan -> NULL (fouten: 1),nan -> NULL (fouten: 1),,,nan -> NULL (fouten: 1),nan -> NULL (fouten: 1),,,,,,,False,0.0,0.0,False,False,True,1,2,0;1,0;1,,,aantal pompen = 0;capaciteit = 0,,,2025-06-06T08:52:12.186353
NL.WBHCODE.12.GEMAAL.KGM-Q-29334,KGM-Q-29334,,nan -> NULL (fouten: 1),nan -> NULL (fouten: 1),nan -> NULL (fouten: 1),,,NaT -> NULL (fouten: 1),<NA> -> NULL (fouten: 1),nan -> NULL (fouten: 1),,,onderbemaling -> NULL (fouten: 6),,,nee -> NULL (fouten: 6),nan -> NULL (fouten: 1),NaT -> NULL (fouten: 1),,,,,,,(fouten: 2),nan -> NULL (fouten: 1),nan -> NULL (fouten: 1),nan -> NULL (fouten: 1),,,nan -> NULL (fouten: 1),nan -> NULL (fouten: 1),,,,,,,False,0.0,0.0,False,False,True,1,2,0;1,0;1,,,aantal pompen = 0;capaciteit = 0,,,2025-06-06T08:52:12.186353
NL.WBHCODE.12.GEMAAL.KGM-Q-20391,KGM-Q-20391,,nan -> NULL (fouten: 1),nan -> NULL (fouten: 1),nan -> NULL (fouten: 1),,,NaT -> NULL (fouten: 1),<NA> -> NULL (fouten: 1),nan -> NULL (fouten: 1),,,afvoergemaal -> NULL (fouten: 6),,,nee -> NULL (fouten: 6),nan -> NULL (fouten: 1),NaT -> NULL (fouten: 1),,,,,,,(fouten: 2),nan -> NULL (fouten: 1),nan -> NULL (fouten: 1),nan -> NULL (fouten: 1),,,nan -> NULL (fouten: 1),nan -> NULL (fouten: 1),,,,,,,False,0.0,0.0,False,False,True,1,2,0;1,0;1,,,aantal pompen = 0;capaciteit = 0,,,2025-06-06T08:52:12.186353
NL.WBHCODE.12.GEMAAL.KGM-Q-29298,KGM-Q-29298,,nan -> NULL (fouten: 1),nan -> NULL (fouten: 1),nan -> NULL (fouten: 1),,,NaT -> NULL (fouten: 1),<NA> -> NULL (fouten: 1),nan -> NULL (fouten: 1),,,onderbemaling -> NULL (fouten: 6),,,,nan -> NULL (fouten: 1),NaT -> NULL (fouten: 1),,,,,,,(fouten: 2),nan -> NULL (fouten: 1),nan -> NULL (fouten: 1),nan -> NULL (fouten: 1),,,nan -> NULL (fouten: 1),nan -> NULL (fouten: 1),,,,,,,False,0.0,0.0,False,False,True,1,2,0;1,0;1,,,aantal pompen = 0;capaciteit = 0,,,2025-06-06T08:52:12.186353
NL.WBHCODE.12.GEMAAL.KGM-Q-20421,KGM-Q-20421,,nan -> NULL (fouten: 1),nan -> NULL (fouten: 1),nan -> NULL (fouten: 1),,,NaT -> NULL (fouten: 1),<NA> -> NULL (fouten: 1),nan -> NULL (fouten: 1),,,afvoergemaal -> NULL (fouten: 6),,,,nan -> NULL (fouten: 1),NaT -> NULL (fouten: 1),,,,,,,(fouten: 2),nan -> NULL (fouten: 1),nan -> NULL (fouten: 1),nan -> NULL (fouten: 1),,,nan -> NULL (fouten: 1),nan -> NULL (fouten: 1),,,,,,,False,0.0,0.0,False,False,True,1,2,0;1,0;1,,,aantal pompen = 0;capaciteit = 0,,,2025-06-06T08:52:12.186353
NL.WBHCODE.12.GEMAAL.KGM-JH-2003,KGM-JH-2003,,nan -> NULL (fouten: 1),nan -> NULL (fouten: 1),nan -> NULL (fouten: 1),,,NaT -> NULL (fouten: 1),<NA> -> NULL (fouten: 1),nan -> NULL (fouten: 1),,,onderbemaling -> NULL (fouten: 6),,,,nan -> NULL (fouten: 1),NaT -> NULL (fouten: 1),,,,,,,(fouten: 2),nan -> NULL (fouten: 1),nan -> NULL (fouten: 1),nan -> NULL (fouten: 1),,,nan -> NULL (fouten: 1),nan -> NULL (fouten: 1),,,,,,,False,0.0,0.0,False,False,True,1,2,0;1,0;1,,,aantal pompen = 0;capaciteit = 0,,,2025-06-06T08:52:12.186353
NL.WBHCODE.12.GEMAAL.KGM-Q-29363,KGM-Q-29363,,nan -> NULL (fouten: 1),nan -> NULL (fouten: 1),nan -> NULL (fouten: 1),,,NaT -> NULL (fouten: 1),<NA> -> NULL (fouten: 1),nan -> NULL (fouten: 1),,,onderbemaling -> NULL (fouten: 6),,,,nan -> NULL (fouten: 1),NaT -> NULL (fouten: 1),,,,,,,(fouten: 2),nan -> NULL (fouten: 1),nan -> NULL (fouten: 1),nan -> NULL (fouten: 1),,,nan -> NULL (fouten: 1),nan -> NULL (fouten: 1),,,,,,,False,0.0,0.0,False,False,True,1,2,0;1,0;1,,,aantal pompen = 0;capaciteit = 0,,,2025-06-06T08:52:12.186353
NL.WBHCODE.12.GEMAAL.KGM-JH-2004,KGM-JH-2004,,nan -> NULL (fouten: 1),nan -> NULL (fouten: 1),nan -> NULL (fouten: 1),,,NaT -> NULL (fouten: 1),<NA> -> NULL (fouten: 1),nan -> NULL (fouten: 1),,,onderbemaling -> NULL (fouten: 6),,,,nan -> NULL (fouten: 1),NaT -> NULL (fouten: 1),,,,,,,(fouten: 2),nan -> NULL (fouten: 1),nan -> NULL (fouten: 1),nan -> NULL (fouten: 1),,,nan -> NULL (fouten: 1),nan -> NULL (fouten: 1),,,,,,,False,0.0,0.0,False,False,True,1,2,0;1,0;1,,,aantal pompen = 0;capaciteit = 0,,,2025-06-06T08:52:12.186353
NL.WBHCODE.12.GEMAAL.KGM-Q-20426,KGM-Q-20426,,nan -> NULL (fouten: 1),nan -> NULL (fouten: 1),nan -> NULL (fouten: 1),,,NaT -> NULL (fouten: 1),<NA> -> NULL (fouten: 1),nan -> NULL (fouten: 1),,,afvoergemaal -> NULL (fouten: 6),,,ja -> NULL (fouten: 6),nan -> NULL (fouten: 1),NaT -> NULL (fouten: 1),,,,,,,(fouten: 2),nan -> NULL (fouten: 1),nan -> NULL (fouten: 1),nan -> NULL (fouten: 1),,,nan -> NULL (fouten: 1),nan -> NULL (fouten: 1),,,,,,,False,0.0,0.0,False,False,True,1,2,0;1,0;1,,,aantal pompen = 0;capaciteit = 0,,,2025-06-06T08:52:12.186353
NL.WBHCODE.12.GEMAAL.KGM-Q-29365,KGM-Q-29365,,nan -> NULL (fouten: 1),nan -> NULL (fouten: 1),nan -> NULL (fouten: 1),,,NaT -> NULL (fouten: 1),<NA> -> NULL (fouten: 1),nan -> NULL (fouten: 1),,,onderbemaling -> NULL (fouten: 6),,,,nan -> NULL (fouten: 1),NaT -> NULL (fouten: 1),,,,,,,(fouten: 2),nan -> NULL (fouten: 1),nan -> NULL (fouten: 1),nan -> NULL (fouten: 1),,,nan -> NULL (fouten: 1),nan -> NULL (fouten: 1),,,,,,,False,0.0,0.0,False,False,True,1,2,0;1,0;1,,,aantal pompen = 0;capaciteit = 0,,,2025-06-06T08:52:12.186353
NL.WBHCODE.12.GEMAAL.KGM-Q-29366,KGM-Q-29366,,nan -> NULL (fouten: 1),nan -> NULL (fouten: 1),nan -> NULL (fouten: 1),,,NaT -> NULL (fouten: 1),<NA> -> NULL (fouten: 1),nan -> NULL (fouten: 1),,,onderbemaling -> NULL (fouten: 6),,,,nan -> NULL (fouten: 1),NaT -> NULL (fouten: 1),,,,,,,(fouten: 2),nan -> NULL (fouten: 1),nan -> NULL (fouten: 1),nan -> NULL (fouten: 1),,,nan -> NULL (fouten: 1),nan -> NULL (fouten: 1),,,,,,,False,0.0,0.0,False,False,True,1,2,0;1,0;1,,,aantal pompen = 0;capaciteit = 0,,,2025-06-06T08:52:12.186353
NL.WBHCODE.12.GEMAAL.KGM-Q-29357,KGM-Q-29357,,nan -> NULL (fouten: 1),nan -> NULL (fouten: 1),nan -> NULL (fouten: 1),,,NaT -> NULL (fouten: 1),<NA> -> NULL (fouten: 1),nan -> NULL (fouten: 1),,,onderbemaling -> NULL (fouten: 6),,,,nan -> NULL (fouten: 1),NaT -> NULL (fouten: 1),,,,,,,(fouten: 2),nan -> NULL (fouten: 1),nan -> NULL (fouten: 1),nan -> NULL (fouten: 1),,,nan -> NULL (fouten: 1),nan -> NULL (fouten: 1),,,,,,,False,0.0,0.0,False,False,True,1,2,0;1,0;1,,,aantal pompen = 0;capaciteit = 0,,,2025-06-06T08:52:12.186353
NL.WBHCODE.12.GEMAAL.KGM-Q-29368,KGM-Q-29368,,nan -> NULL (fouten: 1),nan -> NULL (fouten: 1),nan -> NULL (fouten: 1),,,NaT -> NULL (fouten: 1),<NA> -> NULL (fouten: 1),nan -> NULL (fouten: 1),,,onderbemaling -> NULL (fouten: 6),,,,nan -> NULL (fouten: 1),NaT -> NULL (fouten: 1),,,,,,,(fouten: 2),nan -> NULL (fouten: 1),nan -> NULL (fouten: 1),nan -> NULL (fouten: 1),,,nan -> NULL (fouten: 1),nan -> NULL (fouten: 1),,,,,,,False,0.0,0.0,False,False,True,1,2,0;1,0;1,,,aantal pompen = 0;capaciteit = 0,,,2025-06-06T08:52:12.186353
NL.WBHCODE.12.GEMAAL.KGM-Q-29356,KGM-Q-29356,,nan -> NULL (fouten: 1),nan -> NULL (fouten: 1),nan -> NULL (fouten: 1),,,NaT -> NULL (fouten: 1),<NA> -> NULL (fouten: 1),nan -> NULL (fouten: 1),,,onderbemaling -> NULL (fouten: 6),,,,nan -> NULL (fouten: 1),NaT -> NULL (fouten: 1),,,,,,,(fouten: 2),nan -> NULL (fouten: 1),nan -> NULL (fouten: 1),nan -> NULL (fouten: 1),,,nan -> NULL (fouten: 1),nan -> NULL (fouten: 1),,,,,,,False,0.0,0.0,False,False,True,1,2,0;1,0;1,,,aantal pompen = 0;capaciteit = 0,,,2025-06-06T08:52:12.186353
NL.WBHCODE.12.GEMAAL.KGM-JH-2002,KGM-JH-2002,,nan -> NULL (fouten: 1),nan -> NULL (fouten: 1),nan -> NULL (fouten: 1),,,NaT -> NULL (fouten: 1),<NA> -> NULL (fouten: 1),nan -> NULL (fouten: 1),,,onderbemaling -> NULL (fouten: 6),,,,nan -> NULL (fouten: 1),NaT -> NULL (fouten: 1),,,,,,,(fouten: 2),nan -> NULL (fouten: 1),nan -> NULL (fouten: 1),nan -> NULL (fouten: 1),,,nan -> NULL (fouten: 1),nan -> NULL (fouten: 1),,,,,,,False,0.0,0.0,False,False,True,1,2,0;1,0;1,,,aantal pompen = 0;capaciteit = 0,,,2025-06-06T08:52:12.186353
NL.WBHCODE.12.GEMAAL.KGM-Q-29359,KGM-Q-29359,,nan -> NULL (fouten: 1),nan -> NULL (fouten: 1),nan -> NULL (fouten: 1),,,NaT -> NULL (fouten: 1),<NA> -> NULL (fouten: 1),nan -> NULL (fouten: 1),,,onderbemaling -> NULL (fouten: 6),,,,nan -> NULL (fouten: 1),NaT -> NULL (fouten: 1),,,,,,,(fouten: 2),nan -> NULL (fouten: 1),nan -> NULL (fouten: 1),nan -> NULL (fouten: 1),,,nan -> NULL (fouten: 1),nan -> NULL (fouten: 1),,,,,,,False,0.0,0.0,False,False,True,1,2,0;1,0;1,,,aantal pompen = 0;capaciteit = 0,,,2025-06-06T08:52:12.186353
NL.WBHCODE.12.GEMAAL.KGM-Q-29358,KGM-Q-29358,,nan -> NULL (fouten: 1),nan -> NULL (fouten: 1),nan -> NULL (fouten: 1),,,NaT -> NULL (fouten: 1),<NA> -> NULL (fouten: 1),nan -> NULL (fouten: 1),,,onderbemaling -> NULL (fouten: 6),,,,nan -> NULL (fouten: 1),NaT -> NULL (fouten: 1),,,,,,,(fouten: 2),nan -> NULL (fouten: 1),nan -> NULL (fouten: 1),nan -> NULL (fouten: 1),,,nan -> NULL (fouten: 1),nan -> NULL (fouten: 1),,,,,,,False,0.0,0.0,False,False,True,1,2,0;1,0;1,,,aantal pompen = 0;capaciteit = 0,,,2025-06-06T08:52:12.186353
NL.WBHCODE.12.GEMAAL.KGM-Q-29367,KGM-Q-29367,,nan -> NULL (fouten: 1),nan -> NULL (fouten: 1),nan -> NULL (fouten: 1),,,NaT -> NULL (fouten: 1),<NA> -> NULL (fouten: 1),nan -> NULL (fouten: 1),,,onderbemaling -> NULL (fouten: 6),,,,nan -> NULL (fouten: 1),NaT -> NULL (fouten: 1),,,,,,,(fouten: 2),nan -> NULL (fouten: 1),nan -> NULL (fouten: 1),nan -> NULL (fouten: 1),,,nan -> NULL (fouten: 1),nan -> NULL (fouten: 1),,,,,,,False,0.0,0.0,False,False,True,1,2,0;1,0;1,,,aantal pompen = 0;capaciteit = 0,,,2025-06-06T08:52:12.186353
NL.WBHCODE.12.GEMAAL.KGM-Q-20403,KGM-Q-20403,,nan -> NULL (fouten: 1),nan -> NULL (fouten: 1),nan -> NULL (fouten: 1),,,NaT -> NULL (fouten: 1),<NA> -> NULL (fouten: 1),nan -> NULL (fouten: 1),,,afvoergemaal -> NULL (fouten: 6),,,,nan -> NULL (fouten: 1),NaT -> NULL (fouten: 1),,,,,,,(fouten: 2),nan -> NULL (fouten: 1),nan -> NULL (fouten: 1),nan -> NULL (fouten: 1),,,nan -> NULL (fouten: 1),nan -> NULL (fouten: 1),,,,,,,False,0.0,0.0,False,False,True,1,2,0;1,0;1,,,aantal pompen = 0;capaciteit = 0,,,2025-06-06T08:52:12.186353
NL.WBHCODE.12.GEMAAL.KGM-Q-29289,KGM-Q-29289,,nan -> NULL (fouten: 1),nan -> NULL (fouten: 1),nan -> NULL (fouten: 1),,,NaT -> NULL (fouten: 1),<NA> -> NULL (fouten: 1),nan -> NULL (fouten: 1),,,onderbemaling -> NULL (fouten: 6),,,,nan -> NULL (fouten: 1),NaT -> NULL (fouten: 1),,,,,,,(fouten: 2),nan -> NULL (fouten: 1),nan -> NULL (fouten: 1),nan -> NULL (fouten: 1),,,nan -> NULL (fouten: 1),nan -> NULL (fouten: 1),,,,,,,False,0.0,0.0,False,False,True,1,2,0;1,0;1,,,aantal pompen = 0;capaciteit = 0,,,2025-06-06T08:52:12.186353
NL.WBHCODE.12.GEMAAL.KGM-Q-29248,KGM-Q-29248,,nan -> NULL (fouten: 1),nan -> NULL (fouten: 1),nan -> NULL (fouten: 1),,,NaT -> NULL (fouten: 1),<NA> -> NULL (fouten: 1),nan -> NULL (fouten: 1),,,onderbemaling -> NULL (fouten: 6),,,,nan -> NULL (fouten: 1),NaT -> NULL (fouten: 1),,,,,,,(fouten: 2),nan -> NULL (fouten: 1),nan -> NULL (fouten: 1),nan -> NULL (fouten: 1),,,nan -> NULL (fouten: 1),nan -> NULL (fouten: 1),,,,,,,False,0.0,0.0,False,False,True,1,2,0;1,0;1,,,aantal pompen = 0;capaciteit = 0,,,2025-06-06T08:52:12.186353
NL.WBHCODE.12.GEMAAL.KGM-Q-20425,KGM-Q-20425,,nan -> NULL (fouten: 1),nan -> NULL (fouten: 1),nan -> NULL (fouten: 1),,,NaT -> NULL (fouten: 1),<NA> -> NULL (fouten: 1),nan -> NULL (fouten: 1),,,afvoergemaal -> NULL (fouten: 6),,,,nan -> NULL (fouten: 1),NaT -> NULL (fouten: 1),,,,,,,(fouten: 2),nan -> NULL (fouten: 1),nan -> NULL (fouten: 1),nan -> NULL (fouten: 1),,,nan -> NULL (fouten: 1),nan -> NULL (fouten: 1),,,,,,,False,0.0,0.0,False,False,True,1,2,0;1,0;1,,,aantal pompen = 0;capaciteit = 0,,,2025-06-06T08:52:12.186353
NL.WBHCODE.12.GEMAAL.KGM-Q-29297,KGM-Q-29297,,nan -> NULL (fouten: 1),nan -> NULL (fouten: 1),nan -> NULL (fouten: 1),,,NaT -> NULL (fouten: 1),<NA> -> NULL (fouten: 1),nan -> NULL (fouten: 1),,,onderbemaling -> NULL (fouten: 6),,,,nan -> NULL (fouten: 1),NaT -> NULL (fouten: 1),,,,,,,(fouten: 2),nan -> NULL (fouten: 1),nan -> NULL (fouten: 1),nan -> NULL (fouten: 1),,,nan -> NULL (fouten: 1),nan -> NULL (fouten: 1),,,,,,,False,0.0,0.0,False,False,True,1,2,0;1,0;1,,,aantal pompen = 0;capaciteit = 0,,,2025-06-06T08:52:12.186353
NL.WBHCODE.12.GEMAAL.KGM-Q-29284,KGM-Q-29284,,nan -> NULL (fouten: 1),nan -> NULL (fouten: 1),nan -> NULL (fouten: 1),,,NaT -> NULL (fouten: 1),<NA> -> NULL (fouten: 1),nan -> NULL (fouten: 1),,,onderbemaling -> NULL (fouten: 6),,,,nan -> NULL (fouten: 1),NaT -> NULL (fouten: 1),,,,,,,(fouten: 2),nan -> NULL (fouten: 1),nan -> NULL (fouten: 1),nan -> NULL (fouten: 1),,,nan -> NULL (fouten: 1),nan -> NULL (fouten: 1),,,,,,,False,0.0,0.0,False,False,True,1,2,0;1,0;1,,,aantal pompen = 0;capaciteit = 0,,,2025-06-06T08:52:12.186353
NL.WBHCODE.12.GEMAAL.KGM-Q-29288,KGM-Q-29288,,nan -> NULL (fouten: 1),nan -> NULL (fouten: 1),nan -> NULL (fouten: 1),,,NaT -> NULL (fouten: 1),<NA> -> NULL (fouten: 1),nan -> NULL (fouten: 1),,,onderbemaling -> NULL (fouten: 6),,,,nan -> NULL (fouten: 1),NaT -> NULL (fouten: 1),,,,,,,(fouten: 2),nan -> NULL (fouten: 1),nan -> NULL (fouten: 1),nan -> NULL (fouten: 1),,,nan -> NULL (fouten: 1),nan -> NULL (fouten: 1),,,,,,,False,0.0,0.0,False,False,True,1,2,0;1,0;1,,,aantal pompen = 0;capaciteit = 0,,,2025-06-06T08:52:12.186353
NL.WBHCODE.12.GEMAAL.KGM-Q-20424,KGM-Q-20424,,nan -> NULL (fouten: 1),nan -> NULL (fouten: 1),nan -> NULL (fouten: 1),,,NaT -> NULL (fouten: 1),<NA> -> NULL (fouten: 1),nan -> NULL (fouten: 1),,,afvoergemaal -> NULL (fouten: 6),,,ja -> NULL (fouten: 6),nan -> NULL (fouten: 1),NaT -> NULL (fouten: 1),,,,,,,(fouten: 2),nan -> NULL (fouten: 1),nan -> NULL (fouten: 1),nan -> NULL (fouten: 1),,,nan -> NULL (fouten: 1),nan -> NULL (fouten: 1),,,,,,,False,0.0,0.0,False,False,True,1,2,0;1,0;1,,,aantal pompen = 0;capaciteit = 0,,,2025-06-06T08:52:12.186353
NL.WBHCODE.12.GEMAAL.KGM-W-22,KGM-W-22,,nan -> NULL (fouten: 1),nan -> NULL (fouten: 1),nan -> NULL (fouten: 1),,,NaT -> NULL (fouten: 1),<NA> -> NULL (fouten: 1),nan -> NULL (fouten: 1),,,onderbemaling -> NULL (fouten: 6),,,,nan -> NULL (fouten: 1),NaT -> NULL (fouten: 1),,,,,,,(fouten: 2),nan -> NULL (fouten: 1),nan -> NULL (fouten: 1),nan -> NULL (fouten: 1),,,nan -> NULL (fouten: 1),nan -> NULL (fouten: 1),,,,,,,False,0.0,0.0,False,False,True,1,2,0;1,0;1,,,aantal pompen = 0;capaciteit = 0,,,2025-06-06T08:52:12.186353
NL.WBHCODE.12.GEMAAL.KGM-Q-29285,KGM-Q-29285,,nan -> NULL (fouten: 1),nan -> NULL (fouten: 1),nan -> NULL (fouten: 1),,,NaT -> NULL (fouten: 1),<NA> -> NULL (fouten: 1),nan -> NULL (fouten: 1),,,onderbemaling -> NULL (fouten: 6),,,,nan -> NULL (fouten: 1),NaT -> NULL (fouten: 1),,,,,,,(fouten: 2),nan -> NULL (fouten: 1),nan -> NULL (fouten: 1),nan -> NULL (fouten: 1),,,nan -> NULL (fouten: 1),nan -> NULL (fouten: 1),,,,,,,False,0.0,0.0,False,False,True,1,2,0;1,0;1,,,aantal pompen = 0;capaciteit = 0,,,2025-06-06T08:52:12.186353
NL.WBHCODE.12.GEMAAL.KGM-Q-29283,KGM-Q-29283,,nan -> NULL (fouten: 1),nan -> NULL (fouten: 1),nan -> NULL (fouten: 1),,,NaT -> NULL (fouten: 1),<NA> -> NULL (fouten: 1),nan -> NULL (fouten: 1),,,onderbemaling -> NULL (fouten: 6),,,,nan -> NULL (fouten: 1),NaT -> NULL (fouten: 1),,,,,,,(fouten: 2),nan -> NULL (fouten: 1),nan -> NULL (fouten: 1),nan -> NULL (fouten: 1),,,nan -> NULL (fouten: 1),nan -> NULL (fouten: 1),,,,,,,False,0.0,0.0,False,False,True,1,2,0;1,0;1,,,aantal pompen = 0;capaciteit = 0,,,2025-06-06T08:52:12.186353
NL.WBHCODE.12.GEMAAL.KGM-Q-29269,KGM-Q-29269,,nan -> NULL (fouten: 1),nan -> NULL (fouten: 1),nan -> NULL (fouten: 1),,,NaT -> NULL (fouten: 1),<NA> -> NULL (fouten: 1),nan -> NULL (fouten: 1),,,onderbemaling -> NULL (fouten: 6),,,,nan -> NULL (fouten: 1),NaT -> NULL (fouten: 1),,,,,,,(fouten: 2),nan -> NULL (fouten: 1),nan -> NULL (fouten: 1),nan -> NULL (fouten: 1),,,nan -> NULL (fouten: 1),nan -> NULL (fouten: 1),,,,,,,False,0.0,0.0,False,False,True,1,2,0;1,0;1,,,aantal pompen = 0;capaciteit = 0,,,2025-06-06T08:52:12.186353
NL.WBHCODE.12.GEMAAL.KGM-Q-20412,KGM-Q-20412,,nan -> NULL (fouten: 1),nan -> NULL (fouten: 1),nan -> NULL (fouten: 1),,,NaT -> NULL (fouten: 1),<NA> -> NULL (fouten: 1),nan -> NULL (fouten: 1),,,afvoergemaal -> NULL (fouten: 6),,,,nan -> NULL (fouten: 1),NaT -> NULL (fouten: 1),,,,,,,(fouten: 2),nan -> NULL (fouten: 1),nan -> NULL (fouten: 1),nan -> NULL (fouten: 1),,,nan -> NULL (fouten: 1),nan -> NULL (fouten: 1),,,,,,,False,0.0,0.0,False,False,True,1,2,0;1,0;1,,,aantal pompen = 0;capaciteit = 0,,,2025-06-06T08:52:12.186353
NL.WBHCODE.12.GEMAAL.KGM-Q-20413,KGM-Q-20413,,nan -> NULL (fouten: 1),nan -> NULL (fouten: 1),nan -> NULL (fouten: 1),,,NaT -> NULL (fouten: 1),<NA> -> NULL (fouten: 1),nan -> NULL (fouten: 1),,,afvoergemaal -> NULL (fouten: 6),,,ja -> NULL (fouten: 6),nan -> NULL (fouten: 1),NaT -> NULL (fouten: 1),,,,,,,(fouten: 2),nan -> NULL (fouten: 1),nan -> NULL (fouten: 1),nan -> NULL (fouten: 1),,,nan -> NULL (fouten: 1),nan -> NULL (fouten: 1),,,,,,,False,0.0,0.0,False,False,True,1,2,0;1,0;1,,,aantal pompen = 0;capaciteit = 0,,,2025-06-06T08:52:12.186353
NL.WBHCODE.12.GEMAAL.KGM-Q-29270,KGM-Q-29270,,nan -> NULL (fouten: 1),nan -> NULL (fouten: 1),nan -> NULL (fouten: 1),,,NaT -> NULL (fouten: 1),<NA> -> NULL (fouten: 1),nan -> NULL (fouten: 1),,,onderbemaling -> NULL (fouten: 6),,,,nan -> NULL (fouten: 1),NaT -> NULL (fouten: 1),,,,,,,(fouten: 2),nan -> NULL (fouten: 1),nan -> NULL (fouten: 1),nan -> NULL (fouten: 1),,,nan -> NULL (fouten: 1),nan -> NULL (fouten: 1),,,,,,,False,0.0,0.0,False,False,True,1,2,0;1,0;1,,,aantal pompen = 0;capaciteit = 0,,,2025-06-06T08:52:12.186353
NL.WBHCODE.12.GEMAAL.KGM-Q-20233,KGM-Q-20233,,nan -> NULL (fouten: 1),nan -> NULL (fouten: 1),nan -> NULL (fouten: 1),,,NaT -> NULL (fouten: 1),<NA> -> NULL (fouten: 1),nan -> NULL (fouten: 1),,,onderbemaling -> NULL (fouten: 6),,,,nan -> NULL (fouten: 1),NaT -> NULL (fouten: 1),,,,,,,(fouten: 2),nan -> NULL (fouten: 1),nan -> NULL (fouten: 1),nan -> NULL (fouten: 1),,,nan -> NULL (fouten: 1),nan -> NULL (fouten: 1),,,,,,,False,0.0,0.0,False,False,True,1,2,0;1,0;1,,,aantal pompen = 0;capaciteit = 0,,,2025-06-06T08:52:12.186353
NL.WBHCODE.12.GEMAAL.KGM-I-002091,KGM-I-002091,,nan -> NULL (fouten: 1),nan -> NULL (fouten: 1),nan -> NULL (fouten: 1),,,NaT -> NULL (fouten: 1),<NA> -> NULL (fouten: 1),nan -> NULL (fouten: 1),,,onderbemaling -> NULL (fouten: 6),,,,nan -> NULL (fouten: 1),NaT -> NULL (fouten: 1),,,,,,,(fouten: 2),nan -> NULL (fouten: 1),nan -> NULL (fouten: 1),nan -> NULL (fouten: 1),,,nan -> NULL (fouten: 1),nan -> NULL (fouten: 1),,,,,,,False,0.0,0.0,False,False,True,1,2,0;1,0;1,,,aantal pompen = 0;capaciteit = 0,,,2025-06-06T08:52:12.186353
NL.WBHCODE.12.GEMAAL.KGM-JH-5080,KGM-JH-5080,,nan -> NULL (fouten: 1),nan -> NULL (fouten: 1),nan -> NULL (fouten: 1),,,NaT -> NULL (fouten: 1),<NA> -> NULL (fouten: 1),nan -> NULL (fouten: 1),,,onderbemaling -> NULL (fouten: 6),,,,nan -> NULL (fouten: 1),NaT -> NULL (fouten: 1),,,,,,,(fouten: 2),nan -> NULL (fouten: 1),nan -> NULL (fouten: 1),nan -> NULL (fouten: 1),,,nan -> NULL (fouten: 1),nan -> NULL (fouten: 1),,,,,,,False,0.0,0.0,False,False,True,1,2,0;1,0;1,,,aantal pompen = 0;capaciteit = 0,,,2025-06-06T08:52:12.186353
NL.WBHCODE.12.GEMAAL.KGM-Q-29275,KGM-Q-29275,,nan -> NULL (fouten: 1),nan -> NULL (fouten: 1),nan -> NULL (fouten: 1),,,NaT -> NULL (fouten: 1),<NA> -> NULL (fouten: 1),nan -> NULL (fouten: 1),,,onderbemaling -> NULL (fouten: 6),,,,nan -> NULL (fouten: 1),NaT -> NULL (fouten: 1),,,,,,,(fouten: 2),nan -> NULL (fouten: 1),nan -> NULL (fouten: 1),nan -> NULL (fouten: 1),,,nan -> NULL (fouten: 1),nan -> NULL (fouten: 1),,,,,,,False,0.0,0.0,False,False,True,1,2,0;1,0;1,,,aantal pompen = 0;capaciteit = 0,,,2025-06-06T08:52:12.186353
NL.WBHCODE.12.GEMAAL.KGM-Q-20410,KGM-Q-20410,,nan -> NULL (fouten: 1),nan -> NULL (fouten: 1),nan -> NULL (fouten: 1),,,NaT -> NULL (fouten: 1),<NA> -> NULL (fouten: 1),nan -> NULL (fouten: 1),,,afvoergemaal -> NULL (fouten: 6),,,,nan -> NULL (fouten: 1),NaT -> NULL (fouten: 1),,,,,,,(fouten: 2),nan -> NULL (fouten: 1),nan -> NULL (fouten: 1),nan -> NULL (fouten: 1),,,nan -> NULL (fouten: 1),nan -> NULL (fouten: 1),,,,,,,False,0.0,0.0,False,False,True,1,2,0;1,0;1,,,aantal pompen = 0;capaciteit = 0,,,2025-06-06T08:52:12.186353
NL.WBHCODE.12.GEMAAL.KGM-Q-29277,KGM-Q-29277,,nan -> NULL (fouten: 1),nan -> NULL (fouten: 1),nan -> NULL (fouten: 1),,,NaT -> NULL (fouten: 1),<NA> -> NULL (fouten: 1),nan -> NULL (fouten: 1),,,onderbemaling -> NULL (fouten: 6),,,,nan -> NULL (fouten: 1),NaT -> NULL (fouten: 1),,,,,,,(fouten: 2),nan -> NULL (fouten: 1),nan -> NULL (fouten: 1),nan -> NULL (fouten: 1),,,nan -> NULL (fouten: 1),nan -> NULL (fouten: 1),,,,,,,False,0.0,0.0,False,False,True,1,2,0;1,0;1,,,aantal pompen = 0;capaciteit = 0,,,2025-06-06T08:52:12.186353
NL.WBHCODE.12.GEMAAL.KGM-Q-29274,KGM-Q-29274,,nan -> NULL (fouten: 1),nan -> NULL (fouten: 1),nan -> NULL (fouten: 1),,,NaT -> NULL (fouten: 1),<NA> -> NULL (fouten: 1),nan -> NULL (fouten: 1),,,onderbemaling -> NULL (fouten: 6),,,,nan -> NULL (fouten: 1),NaT -> NULL (fouten: 1),,,,,,,(fouten: 2),nan -> NULL (fouten: 1),nan -> NULL (fouten: 1),nan -> NULL (fouten: 1),,,nan -> NULL (fouten: 1),nan -> NULL (fouten: 1),,,,,,,False,0.0,0.0,False,False,True,1,2,0;1,0;1,,,aantal pompen = 0;capaciteit = 0,,,2025-06-06T08:52:12.186353
NL.WBHCODE.12.GEMAAL.KGM-Q-20409,KGM-Q-20409,,nan -> NULL (fouten: 1),nan -> NULL (fouten: 1),nan -> NULL (fouten: 1),,,NaT -> NULL (fouten: 1),<NA> -> NULL (fouten: 1),nan -> NULL (fouten: 1),,,afvoergemaal -> NULL (fouten: 6),,,,nan -> NULL (fouten: 1),NaT -> NULL (fouten: 1),,,,,,,(fouten: 2),nan -> NULL (fouten: 1),nan -> NULL (fouten: 1),nan -> NULL (fouten: 1),,,nan -> NULL (fouten: 1),nan -> NULL (fouten: 1),,,,,,,False,0.0,0.0,False,False,True,1,2,0;1,0;1,,,aantal pompen = 0;capaciteit = 0,,,2025-06-06T08:52:12.186353
NL.WBHCODE.12.GEMAAL.KGM-Q-29273,KGM-Q-29273,,nan -> NULL (fouten: 1),nan -> NULL (fouten: 1),nan -> NULL (fouten: 1),,,NaT -> NULL (fouten: 1),<NA> -> NULL (fouten: 1),nan -> NULL (fouten: 1),,,onderbemaling -> NULL (fouten: 6),,,,nan -> NULL (fouten: 1),NaT -> NULL (fouten: 1),,,,,,,(fouten: 2),nan -> NULL (fouten: 1),nan -> NULL (fouten: 1),nan -> NULL (fouten: 1),,,nan -> NULL (fouten: 1),nan -> NULL (fouten: 1),,,,,,,False,0.0,0.0,False,False,True,1,2,0;1,0;1,,,aantal pompen = 0;capaciteit = 0,,,2025-06-06T08:52:12.186353
NL.WBHCODE.12.GEMAAL.KGM-JH-5079,KGM-JH-5079,,nan -> NULL (fouten: 1),nan -> NULL (fouten: 1),nan -> NULL (fouten: 1),,,NaT -> NULL (fouten: 1),<NA> -> NULL (fouten: 1),nan -> NULL (fouten: 1),,,onderbemaling -> NULL (fouten: 6),,,,nan -> NULL (fouten: 1),NaT -> NULL (fouten: 1),,,,,,,(fouten: 2),nan -> NULL (fouten: 1),nan -> NULL (fouten: 1),nan -> NULL (fouten: 1),,,nan -> NULL (fouten: 1),nan -> NULL (fouten: 1),,,,,,,False,0.0,0.0,False,False,True,1,2,0;1,0;1,,,aantal pompen = 0;capaciteit = 0,,,2025-06-06T08:52:12.186353
NL.WBHCODE.12.GEMAAL.KGM-Q-29290,KGM-Q-29290,,nan -> NULL (fouten: 1),nan -> NULL (fouten: 1),nan -> NULL (fouten: 1),,,NaT -> NULL (fouten: 1),<NA> -> NULL (fouten: 1),nan -> NULL (fouten: 1),,,onderbemaling -> NULL (fouten: 6),,,,nan -> NULL (fouten: 1),NaT -> NULL (fouten: 1),,,,,,,(fouten: 2),nan -> NULL (fouten: 1),nan -> NULL (fouten: 1),nan -> NULL (fouten: 1),,,nan -> NULL (fouten: 1),nan -> NULL (fouten: 1),,,,,,,False,0.0,0.0,False,False,True,1,2,0;1,0;1,,,aantal pompen = 0;capaciteit = 0,,,2025-06-06T08:52:12.186353
NL.WBHCODE.12.GEMAAL.KGM-Q-20411,KGM-Q-20411,,nan -> NULL (fouten: 1),nan -> NULL (fouten: 1),nan -> NULL (fouten: 1),,,NaT -> NULL (fouten: 1),<NA> -> NULL (fouten: 1),nan -> NULL (fouten: 1),,,afvoergemaal -> NULL (fouten: 6),,,,nan -> NULL (fouten: 1),NaT -> NULL (fouten: 1),,,,,,,(fouten: 2),nan -> NULL (fouten: 1),nan -> NULL (fouten: 1),nan -> NULL (fouten: 1),,,nan -> NULL (fouten: 1),nan -> NULL (fouten: 1),,,,,,,False,0.0,0.0,False,False,True,1,2,0;1,0;1,,,aantal pompen = 0;capaciteit = 0,,,2025-06-06T08:52:12.186353
NL.WBHCODE.12.GEMAAL.KGM-Q-29294,KGM-Q-29294,,nan -> NULL (fouten: 1),nan -> NULL (fouten: 1),nan -> NULL (fouten: 1),,,NaT -> NULL (fouten: 1),<NA> -> NULL (fouten: 1),nan -> NULL (fouten: 1),,,onderbemaling -> NULL (fouten: 6),,,,nan -> NULL (fouten: 1),NaT -> NULL (fouten: 1),,,,,,,(fouten: 2),nan -> NULL (fouten: 1),nan -> NULL (fouten: 1),nan -> NULL (fouten: 1),,,nan -> NULL (fouten: 1),nan -> NULL (fouten: 1),,,,,,,False,0.0,0.0,False,False,True,1,2,0;1,0;1,,,aantal pompen = 0;capaciteit = 0,,,2025-06-06T08:52:12.186353
NL.WBHCODE.12.GEMAAL.KGM-Q-29296,KGM-Q-29296,,nan -> NULL (fouten: 1),nan -> NULL (fouten: 1),nan -> NULL (fouten: 1),,,NaT -> NULL (fouten: 1),<NA> -> NULL (fouten: 1),nan -> NULL (fouten: 1),,,onderbemaling -> NULL (fouten: 6),,,,nan -> NULL (fouten: 1),NaT -> NULL (fouten: 1),,,,,,,(fouten: 2),nan -> NULL (fouten: 1),nan -> NULL (fouten: 1),nan -> NULL (fouten: 1),,,nan -> NULL (fouten: 1),nan -> NULL (fouten: 1),,,,,,,False,0.0,0.0,False,False,True,1,2,0;1,0;1,,,aantal pompen = 0;capaciteit = 0,,,2025-06-06T08:52:12.186353
NL.WBHCODE.12.GEMAAL.KGM-Q-20406,KGM-Q-20406,,nan -> NULL (fouten: 1),nan -> NULL (fouten: 1),nan -> NULL (fouten: 1),,,NaT -> NULL (fouten: 1),<NA> -> NULL (fouten: 1),nan -> NULL (fouten: 1),,,afvoergemaal -> NULL (fouten: 6),,,ja -> NULL (fouten: 6),nan -> NULL (fouten: 1),NaT -> NULL (fouten: 1),,,,,,,(fouten: 2),nan -> NULL (fouten: 1),nan -> NULL (fouten: 1),nan -> NULL (fouten: 1),,,nan -> NULL (fouten: 1),nan -> NULL (fouten: 1),,,,,,,False,0.0,0.0,False,False,True,1,2,0;1,0;1,,,aantal pompen = 0;capaciteit = 0,,,2025-06-06T08:52:12.186353
NL.WBHCODE.12.GEMAAL.KGM-Q-20222,KGM-Q-20222,,nan -> NULL (fouten: 1),nan -> NULL (fouten: 1),nan -> NULL (fouten: 1),,,NaT -> NULL (fouten: 1),<NA> -> NULL (fouten: 1),nan -> NULL (fouten: 1),,,aanvoergemaal -> NULL (fouten: 6),,,,nan -> NULL (fouten: 1),NaT -> NULL (fouten: 1),,,,,,,(fouten: 2),nan -> NULL (fouten: 1),nan -> NULL (fouten: 1),nan -> NULL (fouten: 1),,,nan -> NULL (fouten: 1),nan -> NULL (fouten: 1),,,,,,,False,0.0,0.0,False,False,True,1,2,0;1,0;1,,,aantal pompen = 0;capaciteit = 0,,,2025-06-06T08:52:12.186353
NL.WBHCODE.12.GEMAAL.KGM-Q-29260,KGM-Q-29260,,nan -> NULL (fouten: 1),nan -> NULL (fouten: 1),nan -> NULL (fouten: 1),,,NaT -> NULL (fouten: 1),<NA> -> NULL (fouten: 1),nan -> NULL (fouten: 1),,,onderbemaling -> NULL (fouten: 6),,,,nan -> NULL (fouten: 1),NaT -> NULL (fouten: 1),,,,,,,(fouten: 2),nan -> NULL (fouten: 1),nan -> NULL (fouten: 1),nan -> NULL (fouten: 1),,,nan -> NULL (fouten: 1),nan -> NULL (fouten: 1),,,,,,,False,0.0,0.0,False,False,True,1,2,0;1,0;1,,,aantal pompen = 0;capaciteit = 0,,,2025-06-06T08:52:12.186353
NL.WBHCODE.12.GEMAAL.KGM-Q-20405,KGM-Q-20405,,nan -> NULL (fouten: 1),nan -> NULL (fouten: 1),nan -> NULL (fouten: 1),,,NaT -> NULL (fouten: 1),<NA> -> NULL (fouten: 1),nan -> NULL (fouten: 1),,,afvoergemaal -> NULL (fouten: 6),,,ja -> NULL (fouten: 6),nan -> NULL (fouten: 1),NaT -> NULL (fouten: 1),,,,,,,(fouten: 2),nan -> NULL (fouten: 1),nan -> NULL (fouten: 1),nan -> NULL (fouten: 1),,,nan -> NULL (fouten: 1),nan -> NULL (fouten: 1),,,,,,,False,0.0,0.0,False,False,True,1,2,0;1,0;1,,,aantal pompen = 0;capaciteit = 0,,,2025-06-06T08:52:12.186353
NL.WBHCODE.12.GEMAAL.KGM-Q-20224,KGM-Q-20224,,nan -> NULL (fouten: 1),nan -> NULL (fouten: 1),nan -> NULL (fouten: 1),,,NaT -> NULL (fouten: 1),<NA> -> NULL (fouten: 1),nan -> NULL (fouten: 1),,,aanvoergemaal -> NULL (fouten: 6),,,,nan -> NULL (fouten: 1),NaT -> NULL (fouten: 1),,,,,,,(fouten: 2),nan -> NULL (fouten: 1),nan -> NULL (fouten: 1),nan -> NULL (fouten: 1),,,nan -> NULL (fouten: 1),nan -> NULL (fouten: 1),,,,,,,False,0.0,0.0,False,False,True,1,2,0;1,0;1,,,aantal pompen = 0;capaciteit = 0,,,2025-06-06T08:52:12.186353
NL.WBHCODE.12.GEMAAL.KGM-OH-567,KGM-OH-567,,nan -> NULL (fouten: 1),nan -> NULL (fouten: 1),nan -> NULL (fouten: 1),,,NaT -> NULL (fouten: 1),<NA> -> NULL (fouten: 1),nan -> NULL (fouten: 1),,,afvoergemaal -> NULL (fouten: 6),,,ja -> NULL (fouten: 6),nan -> NULL (fouten: 1),NaT -> NULL (fouten: 1),,,,,,,(fouten: 2),nan -> NULL (fouten: 1),nan -> NULL (fouten: 1),nan -> NULL (fouten: 1),,,nan -> NULL (fouten: 1),nan -> NULL (fouten: 1),,,,,,,False,0.0,0.0,False,False,True,1,2,0;1,0;1,,,aantal pompen = 0;capaciteit = 0,,,2025-06-06T08:52:12.186353
NL.WBHCODE.12.GEMAAL.KGM-J-1489,KGM-J-1489,,nan -> NULL (fouten: 1),nan -> NULL (fouten: 1),nan -> NULL (fouten: 1),,,NaT -> NULL (fouten: 1),<NA> -> NULL (fouten: 1),nan -> NULL (fouten: 1),,,,,,,nan -> NULL (fouten: 1),NaT -> NULL (fouten: 1),,,,,,,(fouten: 2),nan -> NULL (fouten: 1),nan -> NULL (fouten: 1),nan -> NULL (fouten: 1),,,nan -> NULL (fouten: 1),nan -> NULL (fouten: 1),,,,,,,False,0.0,0.0,False,False,True,1,2,0;1,0;1,,,aantal pompen = 0;capaciteit = 0,,,2025-06-06T08:52:12.186353
NL.WBHCODE.12.GEMAAL.KGM-Q-20404,KGM-Q-20404,,nan -> NULL (fouten: 1),nan -> NULL (fouten: 1),nan -> NULL (fouten: 1),,,NaT -> NULL (fouten: 1),<NA> -> NULL (fouten: 1),nan -> NULL (fouten: 1),,,afvoergemaal -> NULL (fouten: 6),,,ja -> NULL (fouten: 6),nan -> NULL (fouten: 1),NaT -> NULL (fouten: 1),,,,,,,(fouten: 2),nan -> NULL (fouten: 1),nan -> NULL (fouten: 1),nan -> NULL (fouten: 1),,,nan -> NULL (fouten: 1),nan -> NULL (fouten: 1),,,,,,,False,0.0,0.0,False,False,True,1,2,0;1,0;1,,,aantal pompen = 0;capaciteit = 0,,,2025-06-06T08:52:12.186353
NL.WBHCODE.12.GEMAAL.KGM-M-6605,KGM-M-6605,,nan -> NULL (fouten: 1),nan -> NULL (fouten: 1),nan -> NULL (fouten: 1),,,NaT -> NULL (fouten: 1),<NA> -> NULL (fouten: 1),nan -> NULL (fouten: 1),,,,,,,nan -> NULL (fouten: 1),NaT -> NULL (fouten: 1),,,,,,,(fouten: 2),nan -> NULL (fouten: 1),nan -> NULL (fouten: 1),nan -> NULL (fouten: 1),,,nan -> NULL (fouten: 1),nan -> NULL (fouten: 1),,,,,,,False,0.0,0.0,False,False,True,1,2,0;1,0;1,,,aantal pompen = 0;capaciteit = 0,,,2025-06-06T08:52:12.186353
NL.WBHCODE.12.GEMAAL.KGM-JF-52,KGM-JF-52,,nan -> NULL (fouten: 1),nan -> NULL (fouten: 1),nan -> NULL (fouten: 1),,,NaT -> NULL (fouten: 1),<NA> -> NULL (fouten: 1),nan -> NULL (fouten: 1),,,afvoergemaal -> NULL (fouten: 6),,,ja -> NULL (fouten: 6),nan -> NULL (fouten: 1),NaT -> NULL (fouten: 1),,,,,,,(fouten: 2),nan -> NULL (fouten: 1),nan -> NULL (fouten: 1),nan -> NULL (fouten: 1),,,nan -> NULL (fouten: 1),nan -> NULL (fouten: 1),,,,,,,False,0.0,0.0,False,False,True,1,2,0;1,0;1,,,aantal pompen = 0;capaciteit = 0,,,2025-06-06T08:52:12.186353
NL.WBHCODE.12.GEMAAL.KGM-Q-29259,KGM-Q-29259,,nan -> NULL (fouten: 1),nan -> NULL (fouten: 1),nan -> NULL (fouten: 1),,,NaT -> NULL (fouten: 1),<NA> -> NULL (fouten: 1),nan -> NULL (fouten: 1),,,onderbemaling -> NULL (fouten: 6),,,,nan -> NULL (fouten: 1),NaT -> NULL (fouten: 1),,,,,,,(fouten: 2),nan -> NULL (fouten: 1),nan -> NULL (fouten: 1),nan -> NULL (fouten: 1),,,nan -> NULL (fouten: 1),nan -> NULL (fouten: 1),,,,,,,False,0.0,0.0,False,False,True,1,2,0;1,0;1,,,aantal pompen = 0;capaciteit = 0,,,2025-06-06T08:52:12.186353
NL.WBHCODE.12.GEMAAL.KGM-Q-20223,KGM-Q-20223,,nan -> NULL (fouten: 1),nan -> NULL (fouten: 1),nan -> NULL (fouten: 1),,,NaT -> NULL (fouten: 1),<NA> -> NULL (fouten: 1),nan -> NULL (fouten: 1),,,aanvoergemaal -> NULL (fouten: 6),,,,nan -> NULL (fouten: 1),NaT -> NULL (fouten: 1),,,,,,,(fouten: 2),nan -> NULL (fouten: 1),nan -> NULL (fouten: 1),nan -> NULL (fouten: 1),,,nan -> NULL (fouten: 1),nan -> NULL (fouten: 1),,,,,,,False,0.0,0.0,False,False,True,1,2,0;1,0;1,,,aantal pompen = 0;capaciteit = 0,,,2025-06-06T08:52:12.186353
NL.WBHCODE.12.GEMAAL.KGM-Q-20221,KGM-Q-20221,,nan -> NULL (fouten: 1),nan -> NULL (fouten: 1),nan -> NULL (fouten: 1),,,NaT -> NULL (fouten: 1),<NA> -> NULL (fouten: 1),nan -> NULL (fouten: 1),,,aanvoergemaal -> NULL (fouten: 6),,,,nan -> NULL (fouten: 1),NaT -> NULL (fouten: 1),,,,,,,(fouten: 2),nan -> NULL (fouten: 1),nan -> NULL (fouten: 1),nan -> NULL (fouten: 1),,,nan -> NULL (fouten: 1),nan -> NULL (fouten: 1),,,,,,,False,0.0,0.0,False,False,True,1,2,0;1,0;1,,,aantal pompen = 0;capaciteit = 0,,,2025-06-06T08:52:12.186353
NL.WBHCODE.12.GEMAAL.KGM-Q-20401,KGM-Q-20401,,nan -> NULL (fouten: 1),nan -> NULL (fouten: 1),nan -> NULL (fouten: 1),,,NaT -> NULL (fouten: 1),<NA> -> NULL (fouten: 1),nan -> NULL (fouten: 1),,,afvoergemaal -> NULL (fouten: 6),,,ja -> NULL (fouten: 6),nan -> NULL (fouten: 1),NaT -> NULL (fouten: 1),,,,,,,(fouten: 2),nan -> NULL (fouten: 1),nan -> NULL (fouten: 1),nan -> NULL (fouten: 1),,,nan -> NULL (fouten: 1),nan -> NULL (fouten: 1),,,,,,,False,0.0,0.0,False,False,True,1,2,0;1,0;1,,,aantal pompen = 0;capaciteit = 0,,,2025-06-06T08:52:12.186353
NL.WBHCODE.12.GEMAAL.KGM-JH-5078,KGM-JH-5078,,nan -> NULL (fouten: 1),nan -> NULL (fouten: 1),nan -> NULL (fouten: 1),,,NaT -> NULL (fouten: 1),<NA> -> NULL (fouten: 1),nan -> NULL (fouten: 1),,,onderbemaling -> NULL (fouten: 6),,,nee -> NULL (fouten: 6),nan -> NULL (fouten: 1),NaT -> NULL (fouten: 1),,,,,,,(fouten: 2),nan -> NULL (fouten: 1),nan -> NULL (fouten: 1),nan -> NULL (fouten: 1),,,nan -> NULL (fouten: 1),nan -> NULL (fouten: 1),,,,,,,False,0.0,0.0,False,False,True,1,2,0;1,0;1,,,aantal pompen = 0;capaciteit = 0,,,2025-06-06T08:52:12.186353
NL.WBHCODE.12.GEMAAL.KGM-Q-29244,KGM-Q-29244,,nan -> NULL (fouten: 1),nan -> NULL (fouten: 1),nan -> NULL (fouten: 1),,,NaT -> NULL (fouten: 1),<NA> -> NULL (fouten: 1),nan -> NULL (fouten: 1),,,onderbemaling -> NULL (fouten: 6),,,,nan -> NULL (fouten: 1),NaT -> NULL (fouten: 1),,,,,,,(fouten: 2),nan -> NULL (fouten: 1),nan -> NULL (fouten: 1),nan -> NULL (fouten: 1),,,nan -> NULL (fouten: 1),nan -> NULL (fouten: 1),,,,,,,False,0.0,0.0,False,False,True,1,2,0;1,0;1,,,aantal pompen = 0;capaciteit = 0,,,2025-06-06T08:52:12.186353
NL.WBHCODE.12.GEMAAL.KGM-Q-29254,KGM-Q-29254,,nan -> NULL (fouten: 1),nan -> NULL (fouten: 1),nan -> NULL (fouten: 1),,,NaT -> NULL (fouten: 1),<NA> -> NULL (fouten: 1),nan -> NULL (fouten: 1),,,onderbemaling -> NULL (fouten: 6),,,,nan -> NULL (fouten: 1),NaT -> NULL (fouten: 1),,,,,,,(fouten: 2),nan -> NULL (fouten: 1),nan -> NULL (fouten: 1),nan -> NULL (fouten: 1),,,nan -> NULL (fouten: 1),nan -> NULL (fouten: 1),,,,,,,False,0.0,0.0,False,False,True,1,2,0;1,0;1,,,aantal pompen = 0;capaciteit = 0,,,2025-06-06T08:52:12.186353
NL.WBHCODE.12.GEMAAL.KGM-Q-20397,KGM-Q-20397,,nan -> NULL (fouten: 1),nan -> NULL (fouten: 1),nan -> NULL (fouten: 1),,,NaT -> NULL (fouten: 1),<NA> -> NULL (fouten: 1),nan -> NULL (fouten: 1),,,afvoergemaal -> NULL (fouten: 6),,,,nan -> NULL (fouten: 1),NaT -> NULL (fouten: 1),,,,,,,(fouten: 2),nan -> NULL (fouten: 1),nan -> NULL (fouten: 1),nan -> NULL (fouten: 1),,,nan -> NULL (fouten: 1),nan -> NULL (fouten: 1),,,,,,,False,0.0,0.0,False,False,True,1,2,0;1,0;1,,,aantal pompen = 0;capaciteit = 0,,,2025-06-06T08:52:12.186353
NL.WBHCODE.12.GEMAAL.KGM-Q-34266,KGM-Q-34266,,nan -> NULL (fouten: 1),nan -> NULL (fouten: 1),nan -> NULL (fouten: 1),,,NaT -> NULL (fouten: 1),<NA> -> NULL (fouten: 1),nan -> NULL (fouten: 1),,,onderbemaling -> NULL (fouten: 6),,,,nan -> NULL (fouten: 1),NaT -> NULL (fouten: 1),,,,,,,(fouten: 2),nan -> NULL (fouten: 1),nan -> NULL (fouten: 1),nan -> NULL (fouten: 1),,,nan -> NULL (fouten: 1),nan -> NULL (fouten: 1),,,,,,,False,0.0,0.0,False,False,True,1,2,0;1,0;1,,,aantal pompen = 0;capaciteit = 0,,,2025-06-06T08:52:12.186353
NL.WBHCODE.12.GEMAAL.KGM-Q-34268,KGM-Q-34268,,nan -> NULL (fouten: 1),nan -> NULL (fouten: 1),nan -> NULL (fouten: 1),,,NaT -> NULL (fouten: 1),<NA> -> NULL (fouten: 1),nan -> NULL (fouten: 1),,,onderbemaling -> NULL (fouten: 6),,,,nan -> NULL (fouten: 1),NaT -> NULL (fouten: 1),,,,,,,(fouten: 2),nan -> NULL (fouten: 1),nan -> NULL (fouten: 1),nan -> NULL (fouten: 1),,,nan -> NULL (fouten: 1),nan -> NULL (fouten: 1),,,,,,,False,0.0,0.0,False,False,True,1,2,0;1,0;1,,,aantal pompen = 0;capaciteit = 0,,,2025-06-06T08:52:12.186353
NL.WBHCODE.12.GEMAAL.KGM-Q-29321,KGM-Q-29321,,nan -> NULL (fouten: 1),nan -> NULL (fouten: 1),nan -> NULL (fouten: 1),,,NaT -> NULL (fouten: 1),<NA> -> NULL (fouten: 1),nan -> NULL (fouten: 1),,,onderbemaling -> NULL (fouten: 6),,,,nan -> NULL (fouten: 1),NaT -> NULL (fouten: 1),,,,,,,(fouten: 2),nan -> NULL (fouten: 1),nan -> NULL (fouten: 1),nan -> NULL (fouten: 1),,,nan -> NULL (fouten: 1),nan -> NULL (fouten: 1),,,,,,,False,0.0,0.0,False,False,True,1,2,0;1,0;1,,,aantal pompen = 0;capaciteit = 0,,,2025-06-06T08:52:12.186353
NL.WBHCODE.12.GEMAAL.KGM-JH-2009,KGM-JH-2009,,nan -> NULL (fouten: 1),nan -> NULL (fouten: 1),nan -> NULL (fouten: 1),,,NaT -> NULL (fouten: 1),<NA> -> NULL (fouten: 1),nan -> NULL (fouten: 1),,,onderbemaling -> NULL (fouten: 6),,,,nan -> NULL (fouten: 1),NaT -> NULL (fouten: 1),,,,,,,(fouten: 2),nan -> NULL (fouten: 1),nan -> NULL (fouten: 1),nan -> NULL (fouten: 1),,,nan -> NULL (fouten: 1),nan -> NULL (fouten: 1),,,,,,,False,0.0,0.0,False,False,True,1,2,0;1,0;1,,,aantal pompen = 0;capaciteit = 0,,,2025-06-06T08:52:12.186353
NL.WBHCODE.12.GEMAAL.KGM-JH-2008,KGM-JH-2008,,nan -> NULL (fouten: 1),nan -> NULL (fouten: 1),nan -> NULL (fouten: 1),,,NaT -> NULL (fouten: 1),<NA> -> NULL (fouten: 1),nan -> NULL (fouten: 1),,,onderbemaling -> NULL (fouten: 6),,,,nan -> NULL (fouten: 1),NaT -> NULL (fouten: 1),,,,,,,(fouten: 2),nan -> NULL (fouten: 1),nan -> NULL (fouten: 1),nan -> NULL (fouten: 1),,,nan -> NULL (fouten: 1),nan -> NULL (fouten: 1),,,,,,,False,0.0,0.0,False,False,True,1,2,0;1,0;1,,,aantal pompen = 0;capaciteit = 0,,,2025-06-06T08:52:12.186353
NL.WBHCODE.12.GEMAAL.KGM-Q-29355,KGM-Q-29355,,nan -> NULL (fouten: 1),nan -> NULL (fouten: 1),nan -> NULL (fouten: 1),,,NaT -> NULL (fouten: 1),<NA> -> NULL (fouten: 1),nan -> NULL (fouten: 1),,,onderbemaling -> NULL (fouten: 6),,,,nan -> NULL (fouten: 1),NaT -> NULL (fouten: 1),,,,,,,(fouten: 2),nan -> NULL (fouten: 1),nan -> NULL (fouten: 1),nan -> NULL (fouten: 1),,,nan -> NULL (fouten: 1),nan -> NULL (fouten: 1),,,,,,,False,0.0,0.0,False,False,True,1,2,0;1,0;1,,,aantal pompen = 0;capaciteit = 0,,,2025-06-06T08:52:12.186353
NL.WBHCODE.12.GEMAAL.KGM-Q-29353,KGM-Q-29353,,nan -> NULL (fouten: 1),nan -> NULL (fouten: 1),nan -> NULL (fouten: 1),,,NaT -> NULL (fouten: 1),<NA> -> NULL (fouten: 1),nan -> NULL (fouten: 1),,,onderbemaling -> NULL (fouten: 6),,,,nan -> NULL (fouten: 1),NaT -> NULL (fouten: 1),,,,,,,(fouten: 2),nan -> NULL (fouten: 1),nan -> NULL (fouten: 1),nan -> NULL (fouten: 1),,,nan -> NULL (fouten: 1),nan -> NULL (fouten: 1),,,,,,,False,0.0,0.0,False,False,True,1,2,0;1,0;1,,,aantal pompen = 0;capaciteit = 0,,,2025-06-06T08:52:12.186353
NL.WBHCODE.12.GEMAAL.KGM-Q-29318,KGM-Q-29318,,nan -> NULL (fouten: 1),nan -> NULL (fouten: 1),nan -> NULL (fouten: 1),,,NaT -> NULL (fouten: 1),<NA> -> NULL (fouten: 1),nan -> NULL (fouten: 1),,,onderbemaling -> NULL (fouten: 6),,,,nan -> NULL (fouten: 1),NaT -> NULL (fouten: 1),,,,,,,(fouten: 2),nan -> NULL (fouten: 1),nan -> NULL (fouten: 1),nan -> NULL (fouten: 1),,,nan -> NULL (fouten: 1),nan -> NULL (fouten: 1),,,,,,,False,0.0,0.0,False,False,True,1,2,0;1,0;1,,,aantal pompen = 0;capaciteit = 0,,,2025-06-06T08:52:12.186353
NL.WBHCODE.12.GEMAAL.KGM-CB-3729,KGM-CB-3729,,nan -> NULL (fouten: 1),nan -> NULL (fouten: 1),nan -> NULL (fouten: 1),,,NaT -> NULL (fouten: 1),<NA> -> NULL (fouten: 1),nan -> NULL (fouten: 1),,,opmaling -> NULL (fouten: 6),,,nee -> NULL (fouten: 6),nan -> NULL (fouten: 1),NaT -> NULL (fouten: 1),,,,,,,(fouten: 2),nan -> NULL (fouten: 1),nan -> NULL (fouten: 1),nan -> NULL (fouten: 1),,,nan -> NULL (fouten: 1),nan -> NULL (fouten: 1),,,,,,,False,0.0,0.0,False,False,True,1,2,0;1,0;1,,,aantal pompen = 0;capaciteit = 0,,,2025-06-06T08:52:12.186353
NL.WBHCODE.12.GEMAAL.KGM-Q-29352,KGM-Q-29352,,nan -> NULL (fouten: 1),nan -> NULL (fouten: 1),nan -> NULL (fouten: 1),,,NaT -> NULL (fouten: 1),<NA> -> NULL (fouten: 1),nan -> NULL (fouten: 1),,,onderbemaling -> NULL (fouten: 6),,,,nan -> NULL (fouten: 1),NaT -> NULL (fouten: 1),,,,,,,(fouten: 2),nan -> NULL (fouten: 1),nan -> NULL (fouten: 1),nan -> NULL (fouten: 1),,,nan -> NULL (fouten: 1),nan -> NULL (fouten: 1),,,,,,,False,0.0,0.0,False,False,True,1,2,0;1,0;1,,,aantal pompen = 0;capaciteit = 0,,,2025-06-06T08:52:12.186353
NL.WBHCODE.12.GEMAAL.KGM-Q-29350,KGM-Q-29350,,nan -> NULL (fouten: 1),nan -> NULL (fouten: 1),nan -> NULL (fouten: 1),,,NaT -> NULL (fouten: 1),<NA> -> NULL (fouten: 1),nan -> NULL (fouten: 1),,,onderbemaling -> NULL (fouten: 6),,,,nan -> NULL (fouten: 1),NaT -> NULL (fouten: 1),,,,,,,(fouten: 2),nan -> NULL (fouten: 1),nan -> NULL (fouten: 1),nan -> NULL (fouten: 1),,,nan -> NULL (fouten: 1),nan -> NULL (fouten: 1),,,,,,,False,0.0,0.0,False,False,True,1,2,0;1,0;1,,,aantal pompen = 0;capaciteit = 0,,,2025-06-06T08:52:12.186353
NL.WBHCODE.12.GEMAAL.KGM-Q-29351,KGM-Q-29351,,nan -> NULL (fouten: 1),nan -> NULL (fouten: 1),nan -> NULL (fouten: 1),,,NaT -> NULL (fouten: 1),<NA> -> NULL (fouten: 1),nan -> NULL (fouten: 1),,,onderbemaling -> NULL (fouten: 6),,,,nan -> NULL (fouten: 1),NaT -> NULL (fouten: 1),,,,,,,(fouten: 2),nan -> NULL (fouten: 1),nan -> NULL (fouten: 1),nan -> NULL (fouten: 1),,,nan -> NULL (fouten: 1),nan -> NULL (fouten: 1),,,,,,,False,0.0,0.0,False,False,True,1,2,0;1,0;1,,,aantal pompen = 0;capaciteit = 0,,,2025-06-06T08:52:12.186353
NL.WBHCODE.12.GEMAAL.KGM-Q-29253,KGM-Q-29253,,nan -> NULL (fouten: 1),nan -> NULL (fouten: 1),nan -> NULL (fouten: 1),,,NaT -> NULL (fouten: 1),<NA> -> NULL (fouten: 1),nan -> NULL (fouten: 1),,,onderbemaling -> NULL (fouten: 6),,,,nan -> NULL (fouten: 1),NaT -> NULL (fouten: 1),,,,,,,(fouten: 2),nan -> NULL (fouten: 1),nan -> NULL (fouten: 1),nan -> NULL (fouten: 1),,,nan -> NULL (fouten: 1),nan -> NULL (fouten: 1),,,,,,,False,0.0,0.0,False,False,True,1,2,0;1,0;1,,,aantal pompen = 0;capaciteit = 0,,,2025-06-06T08:52:12.186353
NL.WBHCODE.12.GEMAAL.KGM-Q-29268,KGM-Q-29268,,nan -> NULL (fouten: 1),nan -> NULL (fouten: 1),nan -> NULL (fouten: 1),,,NaT -> NULL (fouten: 1),<NA> -> NULL (fouten: 1),nan -> NULL (fouten: 1),,,onderbemaling -> NULL (fouten: 6),,,,nan -> NULL (fouten: 1),NaT -> NULL (fouten: 1),,,,,,,(fouten: 2),nan -> NULL (fouten: 1),nan -> NULL (fouten: 1),nan -> NULL (fouten: 1),,,nan -> NULL (fouten: 1),nan -> NULL (fouten: 1),,,,,,,False,0.0,0.0,False,False,True,1,2,0;1,0;1,,,aantal pompen = 0;capaciteit = 0,,,2025-06-06T08:52:12.186353
NL.WBHCODE.12.GEMAAL.KGM-Q-29257,KGM-Q-29257,,nan -> NULL (fouten: 1),nan -> NULL (fouten: 1),nan -> NULL (fouten: 1),,,NaT -> NULL (fouten: 1),<NA> -> NULL (fouten: 1),nan -> NULL (fouten: 1),,,onderbemaling -> NULL (fouten: 6),,,,nan -> NULL (fouten: 1),NaT -> NULL (fouten: 1),,,,,,,(fouten: 2),nan -> NULL (fouten: 1),nan -> NULL (fouten: 1),nan -> NULL (fouten: 1),,,nan -> NULL (fouten: 1),nan -> NULL (fouten: 1),,,,,,,False,0.0,0.0,False,False,True,1,2,0;1,0;1,,,aantal pompen = 0;capaciteit = 0,,,2025-06-06T08:52:12.186353
NL.WBHCODE.12.GEMAAL.KGM-Q-34267,KGM-Q-34267,,nan -> NULL (fouten: 1),nan -> NULL (fouten: 1),nan -> NULL (fouten: 1),,,NaT -> NULL (fouten: 1),<NA> -> NULL (fouten: 1),nan -> NULL (fouten: 1),,,onderbemaling -> NULL (fouten: 6),,,,nan -> NULL (fouten: 1),NaT -> NULL (fouten: 1),,,,,,,(fouten: 2),nan -> NULL (fouten: 1),nan -> NULL (fouten: 1),nan -> NULL (fouten: 1),,,nan -> NULL (fouten: 1),nan -> NULL (fouten: 1),,,,,,,False,0.0,0.0,False,False,True,1,2,0;1,0;1,,,aantal pompen = 0;capaciteit = 0,,,2025-06-06T08:52:12.186353
NL.WBHCODE.12.GEMAAL.KGM-Q-29243,KGM-Q-29243,,nan -> NULL (fouten: 1),nan -> NULL (fouten: 1),nan -> NULL (fouten: 1),,,NaT -> NULL (fouten: 1),<NA> -> NULL (fouten: 1),nan -> NULL (fouten: 1),,,onderbemaling -> NULL (fouten: 6),,,,nan -> NULL (fouten: 1),NaT -> NULL (fouten: 1),,,,,,,(fouten: 2),nan -> NULL (fouten: 1),nan -> NULL (fouten: 1),nan -> NULL (fouten: 1),,,nan -> NULL (fouten: 1),nan -> NULL (fouten: 1),,,,,,,False,0.0,0.0,False,False,True,1,2,0;1,0;1,,,aantal pompen = 0;capaciteit = 0,,,2025-06-06T08:52:12.186353
NL.WBHCODE.12.GEMAAL.KGM-Q-29323,KGM-Q-29323,,nan -> NULL (fouten: 1),nan -> NULL (fouten: 1),nan -> NULL (fouten: 1),,,NaT -> NULL (fouten: 1),<NA> -> NULL (fouten: 1),nan -> NULL (fouten: 1),,,onderbemaling -> NULL (fouten: 6),,,,nan -> NULL (fouten: 1),NaT -> NULL (fouten: 1),,,,,,,(fouten: 2),nan -> NULL (fouten: 1),nan -> NULL (fouten: 1),nan -> NULL (fouten: 1),,,nan -> NULL (fouten: 1),nan -> NULL (fouten: 1),,,,,,,False,0.0,0.0,False,False,True,1,2,0;1,0;1,,,aantal pompen = 0;capaciteit = 0,,,2025-06-06T08:52:12.186353
NL.WBHCODE.12.GEMAAL.KGM-AA-2,KGM-AA-2,,nan -> NULL (fouten: 1),nan -> NULL (fouten: 1),nan -> NULL (fouten: 1),,,NaT -> NULL (fouten: 1),<NA> -> NULL (fouten: 1),nan -> NULL (fouten: 1),,,afvoergemaal -> NULL (fouten: 6),,,ja -> NULL (fouten: 6),nan -> NULL (fouten: 1),NaT -> NULL (fouten: 1),,,,,,,(fouten: 2),nan -> NULL (fouten: 1),nan -> NULL (fouten: 1),nan -> NULL (fouten: 1),,,nan -> NULL (fouten: 1),nan -> NULL (fouten: 1),,,,,,,False,0.0,0.0,False,False,True,1,2,0;1,0;1,,,aantal pompen = 0;capaciteit = 0,,,2025-06-06T08:52:12.186353
NL.WBHCODE.12.GEMAAL.KGM-Q-29266,KGM-Q-29266,,nan -> NULL (fouten: 1),nan -> NULL (fouten: 1),nan -> NULL (fouten: 1),,,NaT -> NULL (fouten: 1),<NA> -> NULL (fouten: 1),nan -> NULL (fouten: 1),,,onderbemaling -> NULL (fouten: 6),,,,nan -> NULL (fouten: 1),NaT -> NULL (fouten: 1),,,,,,,(fouten: 2),nan -> NULL (fouten: 1),nan -> NULL (fouten: 1),nan -> NULL (fouten: 1),,,nan -> NULL (fouten: 1),nan -> NULL (fouten: 1),,,,,,,False,0.0,0.0,False,False,True,1,2,0;1,0;1,,,aantal pompen = 0;capaciteit = 0,,,2025-06-06T08:52:12.186353
NL.WBHCODE.12.GEMAAL.KGM-Q-29252,KGM-Q-29252,,nan -> NULL (fouten: 1),nan -> NULL (fouten: 1),nan -> NULL (fouten: 1),,,NaT -> NULL (fouten: 1),<NA> -> NULL (fouten: 1),nan -> NULL (fouten: 1),,,onderbemaling -> NULL (fouten: 6),,,,nan -> NULL (fouten: 1),NaT -> NULL (fouten: 1),,,,,,,(fouten: 2),nan -> NULL (fouten: 1),nan -> NULL (fouten: 1),nan -> NULL (fouten: 1),,,nan -> NULL (fouten: 1),nan -> NULL (fouten: 1),,,,,,,False,0.0,0.0,False,False,True,1,2,0;1,0;1,,,aantal pompen = 0;capaciteit = 0,,,2025-06-06T08:52:12.186353
NL.WBHCODE.12.GEMAAL.KGM-Q-29267,KGM-Q-29267,,nan -> NULL (fouten: 1),nan -> NULL (fouten: 1),nan -> NULL (fouten: 1),,,NaT -> NULL (fouten: 1),<NA> -> NULL (fouten: 1),nan -> NULL (fouten: 1),,,onderbemaling -> NULL (fouten: 6),,,,nan -> NULL (fouten: 1),NaT -> NULL (fouten: 1),,,,,,,(fouten: 2),nan -> NULL (fouten: 1),nan -> NULL (fouten: 1),nan -> NULL (fouten: 1),,,nan -> NULL (fouten: 1),nan -> NULL (fouten: 1),,,,,,,False,0.0,0.0,False,False,True,1,2,0;1,0;1,,,aantal pompen = 0;capaciteit = 0,,,2025-06-06T08:52:12.186353
NL.WBHCODE.12.GEMAAL.KGM-Q-20399,KGM-Q-20399,,nan -> NULL (fouten: 1),nan -> NULL (fouten: 1),nan -> NULL (fouten: 1),,,NaT -> NULL (fouten: 1),<NA> -> NULL (fouten: 1),nan -> NULL (fouten: 1),,,afvoergemaal -> NULL (fouten: 6),,,,nan -> NULL (fouten: 1),NaT -> NULL (fouten: 1),,,,,,,(fouten: 2),nan -> NULL (fouten: 1),nan -> NULL (fouten: 1),nan -> NULL (fouten: 1),,,nan -> NULL (fouten: 1),nan -> NULL (fouten: 1),,,,,,,False,0.0,0.0,False,False,True,1,2,0;1,0;1,,,aantal pompen = 0;capaciteit = 0,,,2025-06-06T08:52:12.186353
NL.WBHCODE.12.GEMAAL.KGM-Q-20415,KGM-Q-20415,,nan -> NULL (fouten: 1),nan -> NULL (fouten: 1),nan -> NULL (fouten: 1),,,NaT -> NULL (fouten: 1),<NA> -> NULL (fouten: 1),nan -> NULL (fouten: 1),,,afvoergemaal -> NULL (fouten: 6),,,,nan -> NULL (fouten: 1),NaT -> NULL (fouten: 1),,,,,,,(fouten: 2),nan -> NULL (fouten: 1),nan -> NULL (fouten: 1),nan -> NULL (fouten: 1),,,nan -> NULL (fouten: 1),nan -> NULL (fouten: 1),,,,,,,False,0.0,0.0,False,False,True,1,2,0;1,0;1,,,aantal pompen = 0;capaciteit = 0,,,2025-06-06T08:52:12.186353
NL.WBHCODE.12.GEMAAL.KGM-Q-20400,KGM-Q-20400,,nan -> NULL (fouten: 1),nan -> NULL (fouten: 1),nan -> NULL (fouten: 1),,,NaT -> NULL (fouten: 1),<NA> -> NULL (fouten: 1),nan -> NULL (fouten: 1),,,afvoergemaal -> NULL (fouten: 6),,,ja -> NULL (fouten: 6),nan -> NULL (fouten: 1),NaT -> NULL (fouten: 1),,,,,,,(fouten: 2),nan -> NULL (fouten: 1),nan -> NULL (fouten: 1),nan -> NULL (fouten: 1),,,nan -> NULL (fouten: 1),nan -> NULL (fouten: 1),,,,,,,False,0.0,0.0,False,False,True,1,2,0;1,0;1,,,aantal pompen = 0;capaciteit = 0,,,2025-06-06T08:52:12.186353
NL.WBHCODE.12.GEMAAL.KGM-Q-29264,KGM-Q-29264,,nan -> NULL (fouten: 1),nan -> NULL (fouten: 1),nan -> NULL (fouten: 1),,,NaT -> NULL (fouten: 1),<NA> -> NULL (fouten: 1),nan -> NULL (fouten: 1),,,onderbemaling -> NULL (fouten: 6),,,,nan -> NULL (fouten: 1),NaT -> NULL (fouten: 1),,,,,,,(fouten: 2),nan -> NULL (fouten: 1),nan -> NULL (fouten: 1),nan -> NULL (fouten: 1),,,nan -> NULL (fouten: 1),nan -> NULL (fouten: 1),,,,,,,False,0.0,0.0,False,False,True,1,2,0;1,0;1,,,aantal pompen = 0;capaciteit = 0,,,2025-06-06T08:52:12.186353
NL.WBHCODE.12.GEMAAL.KGM-Q-29247,KGM-Q-29247,,nan -> NULL (fouten: 1),nan -> NULL (fouten: 1),nan -> NULL (fouten: 1),,,NaT -> NULL (fouten: 1),<NA> -> NULL (fouten: 1),nan -> NULL (fouten: 1),,,onderbemaling -> NULL (fouten: 6),,,,nan -> NULL (fouten: 1),NaT -> NULL (fouten: 1),,,,,,,(fouten: 2),nan -> NULL (fouten: 1),nan -> NULL (fouten: 1),nan -> NULL (fouten: 1),,,nan -> NULL (fouten: 1),nan -> NULL (fouten: 1),,,,,,,False,0.0,0.0,False,False,True,1,2,0;1,0;1,,,aantal pompen = 0;capaciteit = 0,,,2025-06-06T08:52:12.186353
NL.WBHCODE.12.GEMAAL.KGM-Q-29250,KGM-Q-29250,,nan -> NULL (fouten: 1),nan -> NULL (fouten: 1),nan -> NULL (fouten: 1),,,NaT -> NULL (fouten: 1),<NA> -> NULL (fouten: 1),nan -> NULL (fouten: 1),,,onderbemaling -> NULL (fouten: 6),,,,nan -> NULL (fouten: 1),NaT -> NULL (fouten: 1),,,,,,,(fouten: 2),nan -> NULL (fouten: 1),nan -> NULL (fouten: 1),nan -> NULL (fouten: 1),,,nan -> NULL (fouten: 1),nan -> NULL (fouten: 1),,,,,,,False,0.0,0.0,False,False,True,1,2,0;1,0;1,,,aantal pompen = 0;capaciteit = 0,,,2025-06-06T08:52:12.186353
NL.WBHCODE.12.GEMAAL.KGM-Q-29265,KGM-Q-29265,,nan -> NULL (fouten: 1),nan -> NULL (fouten: 1),nan -> NULL (fouten: 1),,,NaT -> NULL (fouten: 1),<NA> -> NULL (fouten: 1),nan -> NULL (fouten: 1),,,onderbemaling -> NULL (fouten: 6),,,,nan -> NULL (fouten: 1),NaT -> NULL (fouten: 1),,,,,,,(fouten: 2),nan -> NULL (fouten: 1),nan -> NULL (fouten: 1),nan -> NULL (fouten: 1),,,nan -> NULL (fouten: 1),nan -> NULL (fouten: 1),,,,,,,False,0.0,0.0,False,False,True,1,2,0;1,0;1,,,aantal pompen = 0;capaciteit = 0,,,2025-06-06T08:52:12.186353
NL.WBHCODE.12.GEMAAL.KGM-Q-29246,KGM-Q-29246,,nan -> NULL (fouten: 1),nan -> NULL (fouten: 1),nan -> NULL (fouten: 1),,,NaT -> NULL (fouten: 1),<NA> -> NULL (fouten: 1),nan -> NULL (fouten: 1),,,onderbemaling -> NULL (fouten: 6),,,,nan -> NULL (fouten: 1),NaT -> NULL (fouten: 1),,,,,,,(fouten: 2),nan -> NULL (fouten: 1),nan -> NULL (fouten: 1),nan -> NULL (fouten: 1),,,nan -> NULL (fouten: 1),nan -> NULL (fouten: 1),,,,,,,False,0.0,0.0,False,False,True,1,2,0;1,0;1,,,aantal pompen = 0;capaciteit = 0,,,2025-06-06T08:52:12.186353
NL.WBHCODE.12.GEMAAL.KGM-JL-2158,KGM-JL-2158,,nan -> NULL (fouten: 1),nan -> NULL (fouten: 1),nan -> NULL (fouten: 1),,,NaT -> NULL (fouten: 1),<NA> -> NULL (fouten: 1),nan -> NULL (fouten: 1),,,onderbemaling -> NULL (fouten: 6),,,,nan -> NULL (fouten: 1),NaT -> NULL (fouten: 1),,,,,,,(fouten: 2),nan -> NULL (fouten: 1),nan -> NULL (fouten: 1),nan -> NULL (fouten: 1),,,nan -> NULL (fouten: 1),nan -> NULL (fouten: 1),,,,,,,False,0.0,0.0,False,False,True,1,2,0;1,0;1,,,aantal pompen = 0;capaciteit = 0,,,2025-06-06T08:52:12.186353
NL.WBHCODE.12.GEMAAL.KGM-Q-20416,KGM-Q-20416,,nan -> NULL (fouten: 1),nan -> NULL (fouten: 1),nan -> NULL (fouten: 1),,,NaT -> NULL (fouten: 1),<NA> -> NULL (fouten: 1),nan -> NULL (fouten: 1),,,afvoergemaal -> NULL (fouten: 6),,,,nan -> NULL (fouten: 1),NaT -> NULL (fouten: 1),,,,,,,(fouten: 2),nan -> NULL (fouten: 1),nan -> NULL (fouten: 1),nan -> NULL (fouten: 1),,,nan -> NULL (fouten: 1),nan -> NULL (fouten: 1),,,,,,,False,0.0,0.0,False,False,True,1,2,0;1,0;1,,,aantal pompen = 0;capaciteit = 0,,,2025-06-06T08:52:12.186353
NL.WBHCODE.12.GEMAAL.KGM-Q-29262,KGM-Q-29262,,nan -> NULL (fouten: 1),nan -> NULL (fouten: 1),nan -> NULL (fouten: 1),,,NaT -> NULL (fouten: 1),<NA> -> NULL (fouten: 1),nan -> NULL (fouten: 1),,,onderbemaling -> NULL (fouten: 6),,,,nan -> NULL (fouten: 1),NaT -> NULL (fouten: 1),,,,,,,(fouten: 2),nan -> NULL (fouten: 1),nan -> NULL (fouten: 1),nan -> NULL (fouten: 1),,,nan -> NULL (fouten: 1),nan -> NULL (fouten: 1),,,,,,,False,0.0,0.0,False,False,True,1,2,0;1,0;1,,,aantal pompen = 0;capaciteit = 0,,,2025-06-06T08:52:12.186353
NL.WBHCODE.12.GEMAAL.KGM-Q-29261,KGM-Q-29261,,nan -> NULL (fouten: 1),nan -> NULL (fouten: 1),nan -> NULL (fouten: 1),,,NaT -> NULL (fouten: 1),<NA> -> NULL (fouten: 1),nan -> NULL (fouten: 1),,,onderbemaling -> NULL (fouten: 6),,,,nan -> NULL (fouten: 1),NaT -> NULL (fouten: 1),,,,,,,(fouten: 2),nan -> NULL (fouten: 1),nan -> NULL (fouten: 1),nan -> NULL (fouten: 1),,,nan -> NULL (fouten: 1),nan -> NULL (fouten: 1),,,,,,,False,0.0,0.0,False,False,True,1,2,0;1,0;1,,,aantal pompen = 0;capaciteit = 0,,,2025-06-06T08:52:12.186353
NL.WBHCODE.12.GEMAAL.KGM-Q-20418,KGM-Q-20418,,nan -> NULL (fouten: 1),nan -> NULL (fouten: 1),nan -> NULL (fouten: 1),,,NaT -> NULL (fouten: 1),<NA> -> NULL (fouten: 1),nan -> NULL (fouten: 1),,,afvoergemaal -> NULL (fouten: 6),,,ja -> NULL (fouten: 6),nan -> NULL (fouten: 1),NaT -> NULL (fouten: 1),,,,,,,(fouten: 2),nan -> NULL (fouten: 1),nan -> NULL (fouten: 1),nan -> NULL (fouten: 1),,,nan -> NULL (fouten: 1),nan -> NULL (fouten: 1),,,,,,,False,0.0,0.0,False,False,True,1,2,0;1,0;1,,,aantal pompen = 0;capaciteit = 0,,,2025-06-06T08:52:12.186353
NL.WBHCODE.12.GEMAAL.KGM-Q-29249,KGM-Q-29249,,nan -> NULL (fouten: 1),nan -> NULL (fouten: 1),nan -> NULL (fouten: 1),,,NaT -> NULL (fouten: 1),<NA> -> NULL (fouten: 1),nan -> NULL (fouten: 1),,,onderbemaling -> NULL (fouten: 6),,,,nan -> NULL (fouten: 1),NaT -> NULL (fouten: 1),,,,,,,(fouten: 2),nan -> NULL (fouten: 1),nan -> NULL (fouten: 1),nan -> NULL (fouten: 1),,,nan -> NULL (fouten: 1),nan -> NULL (fouten: 1),,,,,,,False,0.0,0.0,False,False,True,1,2,0;1,0;1,,,aantal pompen = 0;capaciteit = 0,,,2025-06-06T08:52:12.186353
NL.WBHCODE.12.GEMAAL.KGM-Q-29251,KGM-Q-29251,,nan -> NULL (fouten: 1),nan -> NULL (fouten: 1),nan -> NULL (fouten: 1),,,NaT -> NULL (fouten: 1),<NA> -> NULL (fouten: 1),nan -> NULL (fouten: 1),,,onderbemaling -> NULL (fouten: 6),,,,nan -> NULL (fouten: 1),NaT -> NULL (fouten: 1),,,,,,,(fouten: 2),nan -> NULL (fouten: 1),nan -> NULL (fouten: 1),nan -> NULL (fouten: 1),,,nan -> NULL (fouten: 1),nan -> NULL (fouten: 1),,,,,,,False,0.0,0.0,False,False,True,1,2,0;1,0;1,,,aantal pompen = 0;capaciteit = 0,,,2025-06-06T08:52:12.186353
NL.WBHCODE.12.GEMAAL.KGM-Q-20398,KGM-Q-20398,,nan -> NULL (fouten: 1),nan -> NULL (fouten: 1),nan -> NULL (fouten: 1),,,NaT -> NULL (fouten: 1),<NA> -> NULL (fouten: 1),nan -> NULL (fouten: 1),,,afvoergemaal -> NULL (fouten: 6),,,,nan -> NULL (fouten: 1),NaT -> NULL (fouten: 1),,,,,,,(fouten: 2),nan -> NULL (fouten: 1),nan -> NULL (fouten: 1),nan -> NULL (fouten: 1),,,nan -> NULL (fouten: 1),nan -> NULL (fouten: 1),,,,,,,False,0.0,0.0,False,False,True,1,2,0;1,0;1,,,aantal pompen = 0;capaciteit = 0,,,2025-06-06T08:52:12.186353
NL.WBHCODE.12.GEMAAL.KGM-OH-11,KGM-OH-11,,nan -> NULL (fouten: 1),nan -> NULL (fouten: 1),nan -> NULL (fouten: 1),,,NaT -> NULL (fouten: 1),<NA> -> NULL (fouten: 1),nan -> NULL (fouten: 1),,,onderbemaling -> NULL (fouten: 6),,,,nan -> NULL (fouten: 1),NaT -> NULL (fouten: 1),,,,,,,(fouten: 2),nan -> NULL (fouten: 1),nan -> NULL (fouten: 1),nan -> NULL (fouten: 1),,,nan -> NULL (fouten: 1),nan -> NULL (fouten: 1),,,,,,,False,0.0,0.0,False,False,True,1,2,0;1,0;1,,,aantal pompen = 0;capaciteit = 0,,,2025-06-06T08:52:12.186353
NL.WBHCODE.12.GEMAAL.KGM-Q-20417,KGM-Q-20417,,nan -> NULL (fouten: 1),nan -> NULL (fouten: 1),nan -> NULL (fouten: 1),,,NaT -> NULL (fouten: 1),<NA> -> NULL (fouten: 1),nan -> NULL (fouten: 1),,,afvoergemaal -> NULL (fouten: 6),,,ja -> NULL (fouten: 6),nan -> NULL (fouten: 1),NaT -> NULL (fouten: 1),,,,,,,(fouten: 2),nan -> NULL (fouten: 1),nan -> NULL (fouten: 1),nan -> NULL (fouten: 1),,,nan -> NULL (fouten: 1),nan -> NULL (fouten: 1),,,,,,,False,0.0,0.0,False,False,True,1,2,0;1,0;1,,,aantal pompen = 0;capaciteit = 0,,,2025-06-06T08:52:12.186353
NL.WBHCODE.12.GEMAAL.KGM-Q-20414,KGM-Q-20414,,nan -> NULL (fouten: 1),nan -> NULL (fouten: 1),nan -> NULL (fouten: 1),,,NaT -> NULL (fouten: 1),<NA> -> NULL (fouten: 1),nan -> NULL (fouten: 1),,,afvoergemaal -> NULL (fouten: 6),,,,nan -> NULL (fouten: 1),NaT -> NULL (fouten: 1),,,,,,,(fouten: 2),nan -> NULL (fouten: 1),nan -> NULL (fouten: 1),nan -> NULL (fouten: 1),,,nan -> NULL (fouten: 1),nan -> NULL (fouten: 1),,,,,,,False,0.0,0.0,False,False,True,1,2,0;1,0;1,,,aantal pompen = 0;capaciteit = 0,,,2025-06-06T08:52:12.186353
NL.WBHCODE.12.GEMAAL.KGM-P-14906,KGM-P-14906,,nan -> NULL (fouten: 1),nan -> NULL (fouten: 1),nan -> NULL (fouten: 1),,,NaT -> NULL (fouten: 1),<NA> -> NULL (fouten: 1),nan -> NULL (fouten: 1),,,onderbemaling -> NULL (fouten: 6),,,,nan -> NULL (fouten: 1),NaT -> NULL (fouten: 1),,,,,,,(fouten: 2),nan -> NULL (fouten: 1),nan -> NULL (fouten: 1),nan -> NULL (fouten: 1),,,nan -> NULL (fouten: 1),nan -> NULL (fouten: 1),,,,,,,False,0.0,0.0,False,False,True,1,2,0;1,0;1,,,aantal pompen = 0;capaciteit = 0,,,2025-06-06T08:52:12.186353
NL.WBHCODE.12.GEMAAL.KGM-Q-20402,KGM-Q-20402,,nan -> NULL (fouten: 1),nan -> NULL (fouten: 1),nan -> NULL (fouten: 1),,,NaT -> NULL (fouten: 1),<NA> -> NULL (fouten: 1),nan -> NULL (fouten: 1),,,afvoergemaal -> NULL (fouten: 6),,,ja -> NULL (fouten: 6),nan -> NULL (fouten: 1),NaT -> NULL (fouten: 1),,,,,,,(fouten: 2),nan -> NULL (fouten: 1),nan -> NULL (fouten: 1),nan -> NULL (fouten: 1),,,nan -> NULL (fouten: 1),nan -> NULL (fouten: 1),,,,,,,False,0.0,0.0,False,False,True,1,2,0;1,0;1,,,aantal pompen = 0;capaciteit = 0,,,2025-06-06T08:52:12.186353
